debug 2026/01/18 14:34:12 INFO Attempt to get entries with start=2025-01-18T14:34:12.652Z end=2026-01-18T14:34:12.652Z
debug 2026/01/18 14:34:12 INFO Got entries from database count=6
debug 2026/01/18 14:34:12 INFO Attempt to get entries with start=2025-01-18T14:34:12.652Z end=2026-01-18T14:34:12.652Z
debug 2026/01/18 14:34:12 INFO Got entries from database count=0
debug 2026/01/18 14:34:12 INFO Attempt to get entries with start=2025-01-18T14:34:12.652Z end=2026-01-18T14:34:12.652Z
debug 2026/01/18 14:34:12 INFO Got entries from database count=17
debug 2026/01/18 14:34:12 INFO Attempt to get entries with start=2025-01-18T14:34:12.652Z end=2026-01-18T14:34:12.652Z
debug 2026/01/18 14:34:12 INFO Got entries from database count=0
debug 2026/01/18 14:34:12 INFO  Habit=reading entry="" Date=2026-01-13T00:00:00.000Z Completed=true
debug 2026/01/18 14:34:12 INFO  Habit=reading entry="" Date=2026-01-14T00:00:00.000Z Completed=true
debug 2026/01/18 14:34:12 INFO  Habit=reading entry="" Date=2026-01-15T00:00:00.000Z Completed=true
debug 2026/01/18 14:34:12 INFO  Habit=reading entry="" Date=2026-01-16T00:00:00.000Z Completed=true
debug 2026/01/18 14:34:12 INFO  Habit=reading entry="" Date=2026-01-17T00:00:00.000Z Completed=true
debug 2026/01/18 14:34:12 INFO  Habit=reading entry="" Date=2026-01-18T00:00:00.000Z Completed=true
debug 2026/01/18 14:34:12 INFO  Habit=workout entry="" Date=2026-01-11T00:00:00.000Z Completed=true
debug 2026/01/18 14:34:12 INFO  Habit=workout entry="" Date=2026-01-12T00:00:00.000Z Completed=true
debug 2026/01/18 14:34:12 INFO  Habit=workout entry="" Date=2026-01-13T00:00:00.000Z Completed=true
debug 2026/01/18 14:34:12 INFO  Habit=workout entry="" Date=2026-01-14T00:00:00.000Z Completed=true
debug 2026/01/18 14:34:12 INFO  Habit=workout entry="" Date=2026-01-15T00:00:00.000Z Completed=false
debug 2026/01/18 14:34:12 INFO  Habit=workout entry="" Date=2026-01-16T00:00:00.000Z Completed=false
debug 2026/01/18 14:34:12 INFO  Habit=workout entry="" Date=2026-01-17T00:00:00.000Z Completed=true
debug 2026/01/18 14:34:13 INFO  Habit=reading entry="" Date=2026-01-13T00:00:00.000Z Completed=true
debug 2026/01/18 14:34:13 INFO  Habit=reading entry="" Date=2026-01-14T00:00:00.000Z Completed=true
debug 2026/01/18 14:34:13 INFO  Habit=reading entry="" Date=2026-01-15T00:00:00.000Z Completed=true
debug 2026/01/18 14:34:13 INFO  Habit=reading entry="" Date=2026-01-16T00:00:00.000Z Completed=true
debug 2026/01/18 14:34:13 INFO  Habit=reading entry="" Date=2026-01-17T00:00:00.000Z Completed=true
debug 2026/01/18 14:34:13 INFO  Habit=reading entry="" Date=2026-01-18T00:00:00.000Z Completed=true
debug 2026/01/18 14:34:13 INFO  Habit=workout entry="" Date=2026-01-11T00:00:00.000Z Completed=true
debug 2026/01/18 14:34:13 INFO  Habit=workout entry="" Date=2026-01-12T00:00:00.000Z Completed=true
debug 2026/01/18 14:34:13 INFO  Habit=workout entry="" Date=2026-01-13T00:00:00.000Z Completed=true
debug 2026/01/18 14:34:13 INFO  Habit=workout entry="" Date=2026-01-14T00:00:00.000Z Completed=true
debug 2026/01/18 14:34:13 INFO  Habit=workout entry="" Date=2026-01-15T00:00:00.000Z Completed=false
debug 2026/01/18 14:34:13 INFO  Habit=workout entry="" Date=2026-01-16T00:00:00.000Z Completed=false
debug 2026/01/18 14:34:13 INFO  Habit=workout entry="" Date=2026-01-17T00:00:00.000Z Completed=true
debug 2026/01/18 14:34:13 INFO  Habit=reading entry="" Date=2026-01-13T00:00:00.000Z Completed=true
debug 2026/01/18 14:34:13 INFO  Habit=reading entry="" Date=2026-01-14T00:00:00.000Z Completed=true
debug 2026/01/18 14:34:13 INFO  Habit=reading entry="" Date=2026-01-15T00:00:00.000Z Completed=true
debug 2026/01/18 14:34:13 INFO  Habit=reading entry="" Date=2026-01-16T00:00:00.000Z Completed=true
debug 2026/01/18 14:34:13 INFO  Habit=reading entry="" Date=2026-01-17T00:00:00.000Z Completed=true
debug 2026/01/18 14:34:13 INFO  Habit=reading entry="" Date=2026-01-18T00:00:00.000Z Completed=true
debug 2026/01/18 14:34:13 INFO  Habit=workout entry="" Date=2026-01-11T00:00:00.000Z Completed=true
debug 2026/01/18 14:34:13 INFO  Habit=workout entry="" Date=2026-01-12T00:00:00.000Z Completed=true
debug 2026/01/18 14:34:13 INFO  Habit=workout entry="" Date=2026-01-13T00:00:00.000Z Completed=true
debug 2026/01/18 14:34:13 INFO  Habit=workout entry="" Date=2026-01-14T00:00:00.000Z Completed=true
debug 2026/01/18 14:34:13 INFO  Habit=workout entry="" Date=2026-01-15T00:00:00.000Z Completed=false
debug 2026/01/18 14:34:13 INFO  Habit=workout entry="" Date=2026-01-16T00:00:00.000Z Completed=false
debug 2026/01/18 14:34:13 INFO  Habit=workout entry="" Date=2026-01-17T00:00:00.000Z Completed=true
debug 2026/01/18 14:34:13 INFO  Habit=reading entry="" Date=2026-01-13T00:00:00.000Z Completed=true
debug 2026/01/18 14:34:13 INFO  Habit=reading entry="" Date=2026-01-14T00:00:00.000Z Completed=true
debug 2026/01/18 14:34:13 INFO  Habit=reading entry="" Date=2026-01-15T00:00:00.000Z Completed=true
debug 2026/01/18 14:34:13 INFO  Habit=reading entry="" Date=2026-01-16T00:00:00.000Z Completed=true
debug 2026/01/18 14:34:13 INFO  Habit=reading entry="" Date=2026-01-17T00:00:00.000Z Completed=true
debug 2026/01/18 14:34:13 INFO  Habit=reading entry="" Date=2026-01-18T00:00:00.000Z Completed=true
debug 2026/01/18 14:34:13 INFO  Habit=workout entry="" Date=2026-01-11T00:00:00.000Z Completed=true
debug 2026/01/18 14:34:13 INFO  Habit=workout entry="" Date=2026-01-12T00:00:00.000Z Completed=true
debug 2026/01/18 14:34:13 INFO  Habit=workout entry="" Date=2026-01-13T00:00:00.000Z Completed=true
debug 2026/01/18 14:34:13 INFO  Habit=workout entry="" Date=2026-01-14T00:00:00.000Z Completed=true
debug 2026/01/18 14:34:13 INFO  Habit=workout entry="" Date=2026-01-15T00:00:00.000Z Completed=false
debug 2026/01/18 14:34:13 INFO  Habit=workout entry="" Date=2026-01-16T00:00:00.000Z Completed=false
debug 2026/01/18 14:34:13 INFO  Habit=workout entry="" Date=2026-01-17T00:00:00.000Z Completed=true
debug 2026/01/18 14:34:14 INFO  Habit=reading entry="" Date=2026-01-13T00:00:00.000Z Completed=true
debug 2026/01/18 14:34:14 INFO  Habit=reading entry="" Date=2026-01-14T00:00:00.000Z Completed=true
debug 2026/01/18 14:34:14 INFO  Habit=reading entry="" Date=2026-01-15T00:00:00.000Z Completed=true
debug 2026/01/18 14:34:14 INFO  Habit=reading entry="" Date=2026-01-16T00:00:00.000Z Completed=true
debug 2026/01/18 14:34:14 INFO  Habit=reading entry="" Date=2026-01-17T00:00:00.000Z Completed=true
debug 2026/01/18 14:34:14 INFO  Habit=reading entry="" Date=2026-01-18T00:00:00.000Z Completed=true
debug 2026/01/18 14:34:14 INFO  Habit=workout entry="" Date=2026-01-11T00:00:00.000Z Completed=true
debug 2026/01/18 14:34:14 INFO  Habit=workout entry="" Date=2026-01-12T00:00:00.000Z Completed=true
debug 2026/01/18 14:34:14 INFO  Habit=workout entry="" Date=2026-01-13T00:00:00.000Z Completed=true
debug 2026/01/18 14:34:14 INFO  Habit=workout entry="" Date=2026-01-14T00:00:00.000Z Completed=true
debug 2026/01/18 14:34:14 INFO  Habit=workout entry="" Date=2026-01-15T00:00:00.000Z Completed=false
debug 2026/01/18 14:34:14 INFO  Habit=workout entry="" Date=2026-01-16T00:00:00.000Z Completed=false
debug 2026/01/18 14:34:14 INFO  Habit=workout entry="" Date=2026-01-17T00:00:00.000Z Completed=true
debug 2026/01/18 14:34:14 INFO  Habit=reading entry="" Date=2026-01-13T00:00:00.000Z Completed=true
debug 2026/01/18 14:34:14 INFO  Habit=reading entry="" Date=2026-01-14T00:00:00.000Z Completed=true
debug 2026/01/18 14:34:14 INFO  Habit=reading entry="" Date=2026-01-15T00:00:00.000Z Completed=true
debug 2026/01/18 14:34:14 INFO  Habit=reading entry="" Date=2026-01-16T00:00:00.000Z Completed=true
debug 2026/01/18 14:34:14 INFO  Habit=reading entry="" Date=2026-01-17T00:00:00.000Z Completed=true
debug 2026/01/18 14:34:14 INFO  Habit=reading entry="" Date=2026-01-18T00:00:00.000Z Completed=true
debug 2026/01/18 14:34:14 INFO  Habit=workout entry="" Date=2026-01-11T00:00:00.000Z Completed=true
debug 2026/01/18 14:34:14 INFO  Habit=workout entry="" Date=2026-01-12T00:00:00.000Z Completed=true
debug 2026/01/18 14:34:14 INFO  Habit=workout entry="" Date=2026-01-13T00:00:00.000Z Completed=true
debug 2026/01/18 14:34:14 INFO  Habit=workout entry="" Date=2026-01-14T00:00:00.000Z Completed=true
debug 2026/01/18 14:34:14 INFO  Habit=workout entry="" Date=2026-01-15T00:00:00.000Z Completed=false
debug 2026/01/18 14:34:14 INFO  Habit=workout entry="" Date=2026-01-16T00:00:00.000Z Completed=false
debug 2026/01/18 14:34:14 INFO  Habit=workout entry="" Date=2026-01-17T00:00:00.000Z Completed=true
debug 2026/01/18 14:34:14 INFO  Habit=reading entry="" Date=2026-01-13T00:00:00.000Z Completed=true
debug 2026/01/18 14:34:14 INFO  Habit=reading entry="" Date=2026-01-14T00:00:00.000Z Completed=true
debug 2026/01/18 14:34:14 INFO  Habit=reading entry="" Date=2026-01-15T00:00:00.000Z Completed=true
debug 2026/01/18 14:34:14 INFO  Habit=reading entry="" Date=2026-01-16T00:00:00.000Z Completed=true
debug 2026/01/18 14:34:14 INFO  Habit=reading entry="" Date=2026-01-17T00:00:00.000Z Completed=true
debug 2026/01/18 14:34:14 INFO  Habit=reading entry="" Date=2026-01-18T00:00:00.000Z Completed=true
debug 2026/01/18 14:34:14 INFO  Habit=workout entry="" Date=2026-01-11T00:00:00.000Z Completed=true
debug 2026/01/18 14:34:14 INFO  Habit=workout entry="" Date=2026-01-12T00:00:00.000Z Completed=true
debug 2026/01/18 14:34:14 INFO  Habit=workout entry="" Date=2026-01-13T00:00:00.000Z Completed=true
debug 2026/01/18 14:34:14 INFO  Habit=workout entry="" Date=2026-01-14T00:00:00.000Z Completed=true
debug 2026/01/18 14:34:14 INFO  Habit=workout entry="" Date=2026-01-15T00:00:00.000Z Completed=false
debug 2026/01/18 14:34:14 INFO  Habit=workout entry="" Date=2026-01-16T00:00:00.000Z Completed=false
debug 2026/01/18 14:34:14 INFO  Habit=workout entry="" Date=2026-01-17T00:00:00.000Z Completed=true
debug 2026/01/18 14:34:14 INFO  Habit=reading entry="" Date=2026-01-13T00:00:00.000Z Completed=true
debug 2026/01/18 14:34:14 INFO  Habit=reading entry="" Date=2026-01-14T00:00:00.000Z Completed=true
debug 2026/01/18 14:34:14 INFO  Habit=reading entry="" Date=2026-01-15T00:00:00.000Z Completed=true
debug 2026/01/18 14:34:14 INFO  Habit=reading entry="" Date=2026-01-16T00:00:00.000Z Completed=true
debug 2026/01/18 14:34:14 INFO  Habit=reading entry="" Date=2026-01-17T00:00:00.000Z Completed=true
debug 2026/01/18 14:34:14 INFO  Habit=reading entry="" Date=2026-01-18T00:00:00.000Z Completed=true
debug 2026/01/18 14:34:14 INFO  Habit=workout entry="" Date=2026-01-11T00:00:00.000Z Completed=true
debug 2026/01/18 14:34:14 INFO  Habit=workout entry="" Date=2026-01-12T00:00:00.000Z Completed=true
debug 2026/01/18 14:34:14 INFO  Habit=workout entry="" Date=2026-01-13T00:00:00.000Z Completed=true
debug 2026/01/18 14:34:14 INFO  Habit=workout entry="" Date=2026-01-14T00:00:00.000Z Completed=true
debug 2026/01/18 14:34:14 INFO  Habit=workout entry="" Date=2026-01-15T00:00:00.000Z Completed=false
debug 2026/01/18 14:34:14 INFO  Habit=workout entry="" Date=2026-01-16T00:00:00.000Z Completed=false
debug 2026/01/18 14:34:14 INFO  Habit=workout entry="" Date=2026-01-17T00:00:00.000Z Completed=true
debug 2026/01/18 14:34:15 INFO  Habit=reading entry="" Date=2026-01-13T00:00:00.000Z Completed=true
debug 2026/01/18 14:34:15 INFO  Habit=reading entry="" Date=2026-01-14T00:00:00.000Z Completed=true
debug 2026/01/18 14:34:15 INFO  Habit=reading entry="" Date=2026-01-15T00:00:00.000Z Completed=true
debug 2026/01/18 14:34:15 INFO  Habit=reading entry="" Date=2026-01-16T00:00:00.000Z Completed=true
debug 2026/01/18 14:34:15 INFO  Habit=reading entry="" Date=2026-01-17T00:00:00.000Z Completed=true
debug 2026/01/18 14:34:15 INFO  Habit=reading entry="" Date=2026-01-18T00:00:00.000Z Completed=true
debug 2026/01/18 14:34:15 INFO  Habit=workout entry="" Date=2026-01-11T00:00:00.000Z Completed=true
debug 2026/01/18 14:34:15 INFO  Habit=workout entry="" Date=2026-01-12T00:00:00.000Z Completed=true
debug 2026/01/18 14:34:15 INFO  Habit=workout entry="" Date=2026-01-13T00:00:00.000Z Completed=true
debug 2026/01/18 14:34:15 INFO  Habit=workout entry="" Date=2026-01-14T00:00:00.000Z Completed=true
debug 2026/01/18 14:34:15 INFO  Habit=workout entry="" Date=2026-01-15T00:00:00.000Z Completed=false
debug 2026/01/18 14:34:15 INFO  Habit=workout entry="" Date=2026-01-16T00:00:00.000Z Completed=false
debug 2026/01/18 14:34:15 INFO  Habit=workout entry="" Date=2026-01-17T00:00:00.000Z Completed=true
debug 2026/01/18 14:36:22 INFO Attempt to get entries with start=2025-01-18T14:36:22.144Z end=2026-01-18T14:36:22.144Z
debug 2026/01/18 14:36:22 INFO Got entries from database count=6
debug 2026/01/18 14:36:22 INFO Attempt to get entries with start=2025-01-18T14:36:22.145Z end=2026-01-18T14:36:22.145Z
debug 2026/01/18 14:36:22 INFO Got entries from database count=0
debug 2026/01/18 14:36:22 INFO Attempt to get entries with start=2025-01-18T14:36:22.145Z end=2026-01-18T14:36:22.145Z
debug 2026/01/18 14:36:22 INFO Got entries from database count=17
debug 2026/01/18 14:36:27 INFO  Habit=reading entry="" Date=2026-01-13T00:00:00.000Z Completed=true
debug 2026/01/18 14:36:27 INFO  Habit=reading entry="" Date=2026-01-14T00:00:00.000Z Completed=true
debug 2026/01/18 14:36:27 INFO  Habit=reading entry="" Date=2026-01-15T00:00:00.000Z Completed=true
debug 2026/01/18 14:36:27 INFO  Habit=reading entry="" Date=2026-01-16T00:00:00.000Z Completed=true
debug 2026/01/18 14:36:27 INFO  Habit=reading entry="" Date=2026-01-17T00:00:00.000Z Completed=true
debug 2026/01/18 14:36:27 INFO  Habit=reading entry="" Date=2026-01-18T00:00:00.000Z Completed=true
debug 2026/01/18 14:36:28 INFO  Habit=workout entry="" Date=2026-01-11T00:00:00.000Z Completed=true
debug 2026/01/18 14:36:28 INFO  Habit=workout entry="" Date=2026-01-12T00:00:00.000Z Completed=true
debug 2026/01/18 14:36:28 INFO  Habit=workout entry="" Date=2026-01-13T00:00:00.000Z Completed=true
debug 2026/01/18 14:36:28 INFO  Habit=workout entry="" Date=2026-01-14T00:00:00.000Z Completed=true
debug 2026/01/18 14:36:28 INFO  Habit=workout entry="" Date=2026-01-15T00:00:00.000Z Completed=false
debug 2026/01/18 14:36:28 INFO  Habit=workout entry="" Date=2026-01-16T00:00:00.000Z Completed=false
debug 2026/01/18 14:36:28 INFO  Habit=workout entry="" Date=2026-01-17T00:00:00.000Z Completed=true
debug 2026/01/18 14:36:50 INFO  Habit=workout entry="" Date=2026-01-01T00:00:00.000Z Completed=true
debug 2026/01/18 14:36:50 INFO  Habit=workout entry="" Date=2026-01-02T00:00:00.000Z Completed=true
debug 2026/01/18 14:36:50 INFO  Habit=workout entry="" Date=2026-01-03T00:00:00.000Z Completed=true
debug 2026/01/18 14:36:50 INFO  Habit=workout entry="" Date=2026-01-04T00:00:00.000Z Completed=true
debug 2026/01/18 14:36:50 INFO  Habit=workout entry="" Date=2026-01-05T00:00:00.000Z Completed=true
debug 2026/01/18 14:36:50 INFO  Habit=workout entry="" Date=2026-01-06T00:00:00.000Z Completed=true
debug 2026/01/18 14:36:50 INFO  Habit=workout entry="" Date=2026-01-01T00:00:00.000Z Completed=true
debug 2026/01/18 14:36:50 INFO  Habit=workout entry="" Date=2026-01-02T00:00:00.000Z Completed=true
debug 2026/01/18 14:36:50 INFO  Habit=workout entry="" Date=2026-01-03T00:00:00.000Z Completed=true
debug 2026/01/18 14:36:50 INFO  Habit=workout entry="" Date=2026-01-04T00:00:00.000Z Completed=true
debug 2026/01/18 14:36:50 INFO  Habit=workout entry="" Date=2026-01-05T00:00:00.000Z Completed=true
debug 2026/01/18 14:36:50 INFO  Habit=workout entry="" Date=2026-01-06T00:00:00.000Z Completed=true
debug 2026/01/18 14:36:50 INFO  Habit=workout entry="" Date=2026-01-01T00:00:00.000Z Completed=true
debug 2026/01/18 14:36:50 INFO  Habit=workout entry="" Date=2026-01-02T00:00:00.000Z Completed=true
debug 2026/01/18 14:36:50 INFO  Habit=workout entry="" Date=2026-01-03T00:00:00.000Z Completed=true
debug 2026/01/18 14:36:50 INFO  Habit=workout entry="" Date=2026-01-04T00:00:00.000Z Completed=true
debug 2026/01/18 14:36:50 INFO  Habit=workout entry="" Date=2026-01-05T00:00:00.000Z Completed=true
debug 2026/01/18 14:36:50 INFO  Habit=workout entry="" Date=2026-01-06T00:00:00.000Z Completed=true
debug 2026/01/18 14:36:50 INFO  Habit=workout entry="" Date=2026-01-01T00:00:00.000Z Completed=true
debug 2026/01/18 14:36:50 INFO  Habit=workout entry="" Date=2026-01-02T00:00:00.000Z Completed=true
debug 2026/01/18 14:36:50 INFO  Habit=workout entry="" Date=2026-01-03T00:00:00.000Z Completed=true
debug 2026/01/18 14:36:50 INFO  Habit=workout entry="" Date=2026-01-04T00:00:00.000Z Completed=true
debug 2026/01/18 14:36:50 INFO  Habit=workout entry="" Date=2026-01-05T00:00:00.000Z Completed=true
debug 2026/01/18 14:36:50 INFO  Habit=workout entry="" Date=2026-01-06T00:00:00.000Z Completed=true
debug 2026/01/18 14:36:50 INFO  Habit=workout entry="" Date=2026-01-01T00:00:00.000Z Completed=true
debug 2026/01/18 14:36:50 INFO  Habit=workout entry="" Date=2026-01-02T00:00:00.000Z Completed=true
debug 2026/01/18 14:36:50 INFO  Habit=workout entry="" Date=2026-01-03T00:00:00.000Z Completed=true
debug 2026/01/18 14:36:50 INFO  Habit=workout entry="" Date=2026-01-04T00:00:00.000Z Completed=true
debug 2026/01/18 14:36:50 INFO  Habit=workout entry="" Date=2026-01-05T00:00:00.000Z Completed=true
debug 2026/01/18 14:36:50 INFO  Habit=workout entry="" Date=2026-01-06T00:00:00.000Z Completed=true
debug 2026/01/18 14:36:50 INFO  Habit=workout entry="" Date=2026-01-01T00:00:00.000Z Completed=true
debug 2026/01/18 14:36:50 INFO  Habit=workout entry="" Date=2026-01-02T00:00:00.000Z Completed=true
debug 2026/01/18 14:36:50 INFO  Habit=workout entry="" Date=2026-01-03T00:00:00.000Z Completed=true
debug 2026/01/18 14:36:50 INFO  Habit=workout entry="" Date=2026-01-04T00:00:00.000Z Completed=true
debug 2026/01/18 14:36:50 INFO  Habit=workout entry="" Date=2026-01-05T00:00:00.000Z Completed=true
debug 2026/01/18 14:36:50 INFO  Habit=workout entry="" Date=2026-01-06T00:00:00.000Z Completed=true
debug 2026/01/18 14:36:50 INFO  Habit=workout entry="" Date=2026-01-01T00:00:00.000Z Completed=true
debug 2026/01/18 14:36:50 INFO  Habit=workout entry="" Date=2026-01-02T00:00:00.000Z Completed=true
debug 2026/01/18 14:36:50 INFO  Habit=workout entry="" Date=2026-01-03T00:00:00.000Z Completed=true
debug 2026/01/18 14:36:50 INFO  Habit=workout entry="" Date=2026-01-04T00:00:00.000Z Completed=true
debug 2026/01/18 14:36:50 INFO  Habit=workout entry="" Date=2026-01-05T00:00:00.000Z Completed=true
debug 2026/01/18 14:36:50 INFO  Habit=workout entry="" Date=2026-01-06T00:00:00.000Z Completed=true
debug 2026/01/18 14:36:50 INFO  Habit=reading entry="" Date=2026-01-13T00:00:00.000Z Completed=true
debug 2026/01/18 14:36:50 INFO  Habit=workout entry="" Date=2026-01-01T00:00:00.000Z Completed=true
debug 2026/01/18 14:36:50 INFO  Habit=workout entry="" Date=2026-01-02T00:00:00.000Z Completed=true
debug 2026/01/18 14:36:50 INFO  Habit=workout entry="" Date=2026-01-03T00:00:00.000Z Completed=true
debug 2026/01/18 14:36:50 INFO  Habit=workout entry="" Date=2026-01-04T00:00:00.000Z Completed=true
debug 2026/01/18 14:36:50 INFO  Habit=workout entry="" Date=2026-01-05T00:00:00.000Z Completed=true
debug 2026/01/18 14:36:50 INFO  Habit=workout entry="" Date=2026-01-06T00:00:00.000Z Completed=true
debug 2026/01/18 14:36:50 INFO  Habit=workout entry="" Date=2026-01-07T00:00:00.000Z Completed=true
debug 2026/01/18 14:36:50 INFO  Habit=workout entry="" Date=2026-01-08T00:00:00.000Z Completed=true
debug 2026/01/18 14:36:50 INFO  Habit=workout entry="" Date=2026-01-09T00:00:00.000Z Completed=true
debug 2026/01/18 14:36:50 INFO  Habit=workout entry="" Date=2026-01-10T00:00:00.000Z Completed=true
debug 2026/01/18 14:36:50 INFO  Habit=workout entry="" Date=2026-01-11T00:00:00.000Z Completed=true
debug 2026/01/18 14:36:50 INFO  Habit=workout entry="" Date=2026-01-12T00:00:00.000Z Completed=true
debug 2026/01/18 14:36:50 INFO  Habit=workout entry="" Date=2026-01-13T00:00:00.000Z Completed=true
debug 2026/01/18 14:36:50 INFO  Habit=reading entry="" Date=2026-01-13T00:00:00.000Z Completed=true
debug 2026/01/18 14:36:50 INFO  Habit=workout entry="" Date=2026-01-01T00:00:00.000Z Completed=true
debug 2026/01/18 14:36:50 INFO  Habit=workout entry="" Date=2026-01-02T00:00:00.000Z Completed=true
debug 2026/01/18 14:36:50 INFO  Habit=workout entry="" Date=2026-01-03T00:00:00.000Z Completed=true
debug 2026/01/18 14:36:50 INFO  Habit=workout entry="" Date=2026-01-04T00:00:00.000Z Completed=true
debug 2026/01/18 14:36:50 INFO  Habit=workout entry="" Date=2026-01-05T00:00:00.000Z Completed=true
debug 2026/01/18 14:36:50 INFO  Habit=workout entry="" Date=2026-01-06T00:00:00.000Z Completed=true
debug 2026/01/18 14:36:50 INFO  Habit=workout entry="" Date=2026-01-07T00:00:00.000Z Completed=true
debug 2026/01/18 14:36:50 INFO  Habit=workout entry="" Date=2026-01-08T00:00:00.000Z Completed=true
debug 2026/01/18 14:36:50 INFO  Habit=workout entry="" Date=2026-01-09T00:00:00.000Z Completed=true
debug 2026/01/18 14:36:50 INFO  Habit=workout entry="" Date=2026-01-10T00:00:00.000Z Completed=true
debug 2026/01/18 14:36:50 INFO  Habit=workout entry="" Date=2026-01-11T00:00:00.000Z Completed=true
debug 2026/01/18 14:36:50 INFO  Habit=workout entry="" Date=2026-01-12T00:00:00.000Z Completed=true
debug 2026/01/18 14:36:50 INFO  Habit=workout entry="" Date=2026-01-13T00:00:00.000Z Completed=true
debug 2026/01/18 14:36:50 INFO  Habit=reading entry="" Date=2026-01-13T00:00:00.000Z Completed=true
debug 2026/01/18 14:36:50 INFO  Habit=workout entry="" Date=2026-01-01T00:00:00.000Z Completed=true
debug 2026/01/18 14:36:50 INFO  Habit=workout entry="" Date=2026-01-02T00:00:00.000Z Completed=true
debug 2026/01/18 14:36:50 INFO  Habit=workout entry="" Date=2026-01-03T00:00:00.000Z Completed=true
debug 2026/01/18 14:36:50 INFO  Habit=workout entry="" Date=2026-01-04T00:00:00.000Z Completed=true
debug 2026/01/18 14:36:50 INFO  Habit=workout entry="" Date=2026-01-05T00:00:00.000Z Completed=true
debug 2026/01/18 14:36:50 INFO  Habit=workout entry="" Date=2026-01-06T00:00:00.000Z Completed=true
debug 2026/01/18 14:36:50 INFO  Habit=workout entry="" Date=2026-01-07T00:00:00.000Z Completed=true
debug 2026/01/18 14:36:50 INFO  Habit=workout entry="" Date=2026-01-08T00:00:00.000Z Completed=true
debug 2026/01/18 14:36:50 INFO  Habit=workout entry="" Date=2026-01-09T00:00:00.000Z Completed=true
debug 2026/01/18 14:36:50 INFO  Habit=workout entry="" Date=2026-01-10T00:00:00.000Z Completed=true
debug 2026/01/18 14:36:50 INFO  Habit=workout entry="" Date=2026-01-11T00:00:00.000Z Completed=true
debug 2026/01/18 14:36:50 INFO  Habit=workout entry="" Date=2026-01-12T00:00:00.000Z Completed=true
debug 2026/01/18 14:36:50 INFO  Habit=workout entry="" Date=2026-01-13T00:00:00.000Z Completed=true
debug 2026/01/18 14:36:50 INFO  Habit=reading entry="" Date=2026-01-13T00:00:00.000Z Completed=true
debug 2026/01/18 14:36:50 INFO  Habit=workout entry="" Date=2026-01-01T00:00:00.000Z Completed=true
debug 2026/01/18 14:36:50 INFO  Habit=workout entry="" Date=2026-01-02T00:00:00.000Z Completed=true
debug 2026/01/18 14:36:50 INFO  Habit=workout entry="" Date=2026-01-03T00:00:00.000Z Completed=true
debug 2026/01/18 14:36:50 INFO  Habit=workout entry="" Date=2026-01-04T00:00:00.000Z Completed=true
debug 2026/01/18 14:36:50 INFO  Habit=workout entry="" Date=2026-01-05T00:00:00.000Z Completed=true
debug 2026/01/18 14:36:50 INFO  Habit=workout entry="" Date=2026-01-06T00:00:00.000Z Completed=true
debug 2026/01/18 14:36:50 INFO  Habit=workout entry="" Date=2026-01-07T00:00:00.000Z Completed=true
debug 2026/01/18 14:36:50 INFO  Habit=workout entry="" Date=2026-01-08T00:00:00.000Z Completed=true
debug 2026/01/18 14:36:50 INFO  Habit=workout entry="" Date=2026-01-09T00:00:00.000Z Completed=true
debug 2026/01/18 14:36:50 INFO  Habit=workout entry="" Date=2026-01-10T00:00:00.000Z Completed=true
debug 2026/01/18 14:36:50 INFO  Habit=workout entry="" Date=2026-01-11T00:00:00.000Z Completed=true
debug 2026/01/18 14:36:50 INFO  Habit=workout entry="" Date=2026-01-12T00:00:00.000Z Completed=true
debug 2026/01/18 14:36:50 INFO  Habit=workout entry="" Date=2026-01-13T00:00:00.000Z Completed=true
debug 2026/01/18 14:36:51 INFO  Habit=reading entry="" Date=2026-01-13T00:00:00.000Z Completed=true
debug 2026/01/18 14:36:51 INFO  Habit=workout entry="" Date=2026-01-01T00:00:00.000Z Completed=true
debug 2026/01/18 14:36:51 INFO  Habit=workout entry="" Date=2026-01-02T00:00:00.000Z Completed=true
debug 2026/01/18 14:36:51 INFO  Habit=workout entry="" Date=2026-01-03T00:00:00.000Z Completed=true
debug 2026/01/18 14:36:51 INFO  Habit=workout entry="" Date=2026-01-04T00:00:00.000Z Completed=true
debug 2026/01/18 14:36:51 INFO  Habit=workout entry="" Date=2026-01-05T00:00:00.000Z Completed=true
debug 2026/01/18 14:36:51 INFO  Habit=workout entry="" Date=2026-01-06T00:00:00.000Z Completed=true
debug 2026/01/18 14:36:51 INFO  Habit=workout entry="" Date=2026-01-07T00:00:00.000Z Completed=true
debug 2026/01/18 14:36:51 INFO  Habit=workout entry="" Date=2026-01-08T00:00:00.000Z Completed=true
debug 2026/01/18 14:36:51 INFO  Habit=workout entry="" Date=2026-01-09T00:00:00.000Z Completed=true
debug 2026/01/18 14:36:51 INFO  Habit=workout entry="" Date=2026-01-10T00:00:00.000Z Completed=true
debug 2026/01/18 14:36:51 INFO  Habit=workout entry="" Date=2026-01-11T00:00:00.000Z Completed=true
debug 2026/01/18 14:36:51 INFO  Habit=workout entry="" Date=2026-01-12T00:00:00.000Z Completed=true
debug 2026/01/18 14:36:51 INFO  Habit=workout entry="" Date=2026-01-13T00:00:00.000Z Completed=true
debug 2026/01/18 14:36:51 INFO  Habit=reading entry="" Date=2026-01-13T00:00:00.000Z Completed=true
debug 2026/01/18 14:36:51 INFO  Habit=workout entry="" Date=2026-01-01T00:00:00.000Z Completed=true
debug 2026/01/18 14:36:51 INFO  Habit=workout entry="" Date=2026-01-02T00:00:00.000Z Completed=true
debug 2026/01/18 14:36:51 INFO  Habit=workout entry="" Date=2026-01-03T00:00:00.000Z Completed=true
debug 2026/01/18 14:36:51 INFO  Habit=workout entry="" Date=2026-01-04T00:00:00.000Z Completed=true
debug 2026/01/18 14:36:51 INFO  Habit=workout entry="" Date=2026-01-05T00:00:00.000Z Completed=true
debug 2026/01/18 14:36:51 INFO  Habit=workout entry="" Date=2026-01-06T00:00:00.000Z Completed=true
debug 2026/01/18 14:36:51 INFO  Habit=workout entry="" Date=2026-01-07T00:00:00.000Z Completed=true
debug 2026/01/18 14:36:51 INFO  Habit=workout entry="" Date=2026-01-08T00:00:00.000Z Completed=true
debug 2026/01/18 14:36:51 INFO  Habit=workout entry="" Date=2026-01-09T00:00:00.000Z Completed=true
debug 2026/01/18 14:36:51 INFO  Habit=workout entry="" Date=2026-01-10T00:00:00.000Z Completed=true
debug 2026/01/18 14:36:51 INFO  Habit=workout entry="" Date=2026-01-11T00:00:00.000Z Completed=true
debug 2026/01/18 14:36:51 INFO  Habit=workout entry="" Date=2026-01-12T00:00:00.000Z Completed=true
debug 2026/01/18 14:36:51 INFO  Habit=workout entry="" Date=2026-01-13T00:00:00.000Z Completed=true
debug 2026/01/18 14:36:51 INFO  Habit=reading entry="" Date=2026-01-13T00:00:00.000Z Completed=true
debug 2026/01/18 14:36:51 INFO  Habit=workout entry="" Date=2026-01-01T00:00:00.000Z Completed=true
debug 2026/01/18 14:36:51 INFO  Habit=workout entry="" Date=2026-01-02T00:00:00.000Z Completed=true
debug 2026/01/18 14:36:51 INFO  Habit=workout entry="" Date=2026-01-03T00:00:00.000Z Completed=true
debug 2026/01/18 14:36:51 INFO  Habit=workout entry="" Date=2026-01-04T00:00:00.000Z Completed=true
debug 2026/01/18 14:36:51 INFO  Habit=workout entry="" Date=2026-01-05T00:00:00.000Z Completed=true
debug 2026/01/18 14:36:51 INFO  Habit=workout entry="" Date=2026-01-06T00:00:00.000Z Completed=true
debug 2026/01/18 14:36:51 INFO  Habit=workout entry="" Date=2026-01-07T00:00:00.000Z Completed=true
debug 2026/01/18 14:36:51 INFO  Habit=workout entry="" Date=2026-01-08T00:00:00.000Z Completed=true
debug 2026/01/18 14:36:51 INFO  Habit=workout entry="" Date=2026-01-09T00:00:00.000Z Completed=true
debug 2026/01/18 14:36:51 INFO  Habit=workout entry="" Date=2026-01-10T00:00:00.000Z Completed=true
debug 2026/01/18 14:36:51 INFO  Habit=workout entry="" Date=2026-01-11T00:00:00.000Z Completed=true
debug 2026/01/18 14:36:51 INFO  Habit=workout entry="" Date=2026-01-12T00:00:00.000Z Completed=true
debug 2026/01/18 14:36:51 INFO  Habit=workout entry="" Date=2026-01-13T00:00:00.000Z Completed=true
debug 2026/01/18 14:36:51 INFO  Habit=reading entry="" Date=2026-01-13T00:00:00.000Z Completed=true
debug 2026/01/18 14:36:51 INFO  Habit=reading entry="" Date=2026-01-14T00:00:00.000Z Completed=true
debug 2026/01/18 14:36:51 INFO  Habit=reading entry="" Date=2026-01-15T00:00:00.000Z Completed=true
debug 2026/01/18 14:36:51 INFO  Habit=reading entry="" Date=2026-01-16T00:00:00.000Z Completed=true
debug 2026/01/18 14:36:51 INFO  Habit=reading entry="" Date=2026-01-17T00:00:00.000Z Completed=true
debug 2026/01/18 14:36:51 INFO  Habit=reading entry="" Date=2026-01-18T00:00:00.000Z Completed=true
debug 2026/01/18 14:36:51 INFO  Habit=workout entry="" Date=2026-01-07T00:00:00.000Z Completed=true
debug 2026/01/18 14:36:51 INFO  Habit=workout entry="" Date=2026-01-08T00:00:00.000Z Completed=true
debug 2026/01/18 14:36:51 INFO  Habit=workout entry="" Date=2026-01-09T00:00:00.000Z Completed=true
debug 2026/01/18 14:36:51 INFO  Habit=workout entry="" Date=2026-01-10T00:00:00.000Z Completed=true
debug 2026/01/18 14:36:51 INFO  Habit=workout entry="" Date=2026-01-11T00:00:00.000Z Completed=true
debug 2026/01/18 14:36:51 INFO  Habit=workout entry="" Date=2026-01-12T00:00:00.000Z Completed=true
debug 2026/01/18 14:36:51 INFO  Habit=workout entry="" Date=2026-01-13T00:00:00.000Z Completed=true
debug 2026/01/18 14:36:51 INFO  Habit=workout entry="" Date=2026-01-14T00:00:00.000Z Completed=true
debug 2026/01/18 14:36:51 INFO  Habit=workout entry="" Date=2026-01-15T00:00:00.000Z Completed=false
debug 2026/01/18 14:36:51 INFO  Habit=workout entry="" Date=2026-01-16T00:00:00.000Z Completed=false
debug 2026/01/18 14:36:51 INFO  Habit=workout entry="" Date=2026-01-17T00:00:00.000Z Completed=true
debug 2026/01/18 14:36:51 INFO  Habit=reading entry="" Date=2026-01-13T00:00:00.000Z Completed=true
debug 2026/01/18 14:36:51 INFO  Habit=reading entry="" Date=2026-01-14T00:00:00.000Z Completed=true
debug 2026/01/18 14:36:51 INFO  Habit=reading entry="" Date=2026-01-15T00:00:00.000Z Completed=true
debug 2026/01/18 14:36:51 INFO  Habit=reading entry="" Date=2026-01-16T00:00:00.000Z Completed=true
debug 2026/01/18 14:36:51 INFO  Habit=reading entry="" Date=2026-01-17T00:00:00.000Z Completed=true
debug 2026/01/18 14:36:51 INFO  Habit=reading entry="" Date=2026-01-18T00:00:00.000Z Completed=true
debug 2026/01/18 14:36:51 INFO  Habit=workout entry="" Date=2026-01-07T00:00:00.000Z Completed=true
debug 2026/01/18 14:36:51 INFO  Habit=workout entry="" Date=2026-01-08T00:00:00.000Z Completed=true
debug 2026/01/18 14:36:51 INFO  Habit=workout entry="" Date=2026-01-09T00:00:00.000Z Completed=true
debug 2026/01/18 14:36:51 INFO  Habit=workout entry="" Date=2026-01-10T00:00:00.000Z Completed=true
debug 2026/01/18 14:36:51 INFO  Habit=workout entry="" Date=2026-01-11T00:00:00.000Z Completed=true
debug 2026/01/18 14:36:51 INFO  Habit=workout entry="" Date=2026-01-12T00:00:00.000Z Completed=true
debug 2026/01/18 14:36:51 INFO  Habit=workout entry="" Date=2026-01-13T00:00:00.000Z Completed=true
debug 2026/01/18 14:36:51 INFO  Habit=workout entry="" Date=2026-01-14T00:00:00.000Z Completed=true
debug 2026/01/18 14:36:51 INFO  Habit=workout entry="" Date=2026-01-15T00:00:00.000Z Completed=false
debug 2026/01/18 14:36:51 INFO  Habit=workout entry="" Date=2026-01-16T00:00:00.000Z Completed=false
debug 2026/01/18 14:36:51 INFO  Habit=workout entry="" Date=2026-01-17T00:00:00.000Z Completed=true
debug 2026/01/18 14:36:51 INFO  Habit=reading entry="" Date=2026-01-13T00:00:00.000Z Completed=true
debug 2026/01/18 14:36:51 INFO  Habit=reading entry="" Date=2026-01-14T00:00:00.000Z Completed=true
debug 2026/01/18 14:36:51 INFO  Habit=reading entry="" Date=2026-01-15T00:00:00.000Z Completed=true
debug 2026/01/18 14:36:51 INFO  Habit=reading entry="" Date=2026-01-16T00:00:00.000Z Completed=true
debug 2026/01/18 14:36:51 INFO  Habit=reading entry="" Date=2026-01-17T00:00:00.000Z Completed=true
debug 2026/01/18 14:36:51 INFO  Habit=reading entry="" Date=2026-01-18T00:00:00.000Z Completed=true
debug 2026/01/18 14:36:51 INFO  Habit=workout entry="" Date=2026-01-07T00:00:00.000Z Completed=true
debug 2026/01/18 14:36:51 INFO  Habit=workout entry="" Date=2026-01-08T00:00:00.000Z Completed=true
debug 2026/01/18 14:36:51 INFO  Habit=workout entry="" Date=2026-01-09T00:00:00.000Z Completed=true
debug 2026/01/18 14:36:51 INFO  Habit=workout entry="" Date=2026-01-10T00:00:00.000Z Completed=true
debug 2026/01/18 14:36:51 INFO  Habit=workout entry="" Date=2026-01-11T00:00:00.000Z Completed=true
debug 2026/01/18 14:36:51 INFO  Habit=workout entry="" Date=2026-01-12T00:00:00.000Z Completed=true
debug 2026/01/18 14:36:51 INFO  Habit=workout entry="" Date=2026-01-13T00:00:00.000Z Completed=true
debug 2026/01/18 14:36:51 INFO  Habit=workout entry="" Date=2026-01-14T00:00:00.000Z Completed=true
debug 2026/01/18 14:36:51 INFO  Habit=workout entry="" Date=2026-01-15T00:00:00.000Z Completed=false
debug 2026/01/18 14:36:51 INFO  Habit=workout entry="" Date=2026-01-16T00:00:00.000Z Completed=false
debug 2026/01/18 14:36:51 INFO  Habit=workout entry="" Date=2026-01-17T00:00:00.000Z Completed=true
debug 2026/01/18 14:36:52 INFO  Habit=reading entry="" Date=2026-01-13T00:00:00.000Z Completed=true
debug 2026/01/18 14:36:52 INFO  Habit=reading entry="" Date=2026-01-14T00:00:00.000Z Completed=true
debug 2026/01/18 14:36:52 INFO  Habit=reading entry="" Date=2026-01-15T00:00:00.000Z Completed=true
debug 2026/01/18 14:36:52 INFO  Habit=reading entry="" Date=2026-01-16T00:00:00.000Z Completed=true
debug 2026/01/18 14:36:52 INFO  Habit=reading entry="" Date=2026-01-17T00:00:00.000Z Completed=true
debug 2026/01/18 14:36:52 INFO  Habit=reading entry="" Date=2026-01-18T00:00:00.000Z Completed=true
debug 2026/01/18 14:36:52 INFO  Habit=workout entry="" Date=2026-01-07T00:00:00.000Z Completed=true
debug 2026/01/18 14:36:52 INFO  Habit=workout entry="" Date=2026-01-08T00:00:00.000Z Completed=true
debug 2026/01/18 14:36:52 INFO  Habit=workout entry="" Date=2026-01-09T00:00:00.000Z Completed=true
debug 2026/01/18 14:36:52 INFO  Habit=workout entry="" Date=2026-01-10T00:00:00.000Z Completed=true
debug 2026/01/18 14:36:52 INFO  Habit=workout entry="" Date=2026-01-11T00:00:00.000Z Completed=true
debug 2026/01/18 14:36:52 INFO  Habit=workout entry="" Date=2026-01-12T00:00:00.000Z Completed=true
debug 2026/01/18 14:36:52 INFO  Habit=workout entry="" Date=2026-01-13T00:00:00.000Z Completed=true
debug 2026/01/18 14:36:52 INFO  Habit=workout entry="" Date=2026-01-14T00:00:00.000Z Completed=true
debug 2026/01/18 14:36:52 INFO  Habit=workout entry="" Date=2026-01-15T00:00:00.000Z Completed=false
debug 2026/01/18 14:36:52 INFO  Habit=workout entry="" Date=2026-01-16T00:00:00.000Z Completed=false
debug 2026/01/18 14:36:52 INFO  Habit=workout entry="" Date=2026-01-17T00:00:00.000Z Completed=true
debug 2026/01/18 14:36:52 INFO  Habit=reading entry="" Date=2026-01-13T00:00:00.000Z Completed=true
debug 2026/01/18 14:36:52 INFO  Habit=reading entry="" Date=2026-01-14T00:00:00.000Z Completed=true
debug 2026/01/18 14:36:52 INFO  Habit=reading entry="" Date=2026-01-15T00:00:00.000Z Completed=true
debug 2026/01/18 14:36:52 INFO  Habit=reading entry="" Date=2026-01-16T00:00:00.000Z Completed=true
debug 2026/01/18 14:36:52 INFO  Habit=reading entry="" Date=2026-01-17T00:00:00.000Z Completed=true
debug 2026/01/18 14:36:52 INFO  Habit=reading entry="" Date=2026-01-18T00:00:00.000Z Completed=true
debug 2026/01/18 14:36:52 INFO  Habit=workout entry="" Date=2026-01-07T00:00:00.000Z Completed=true
debug 2026/01/18 14:36:52 INFO  Habit=workout entry="" Date=2026-01-08T00:00:00.000Z Completed=true
debug 2026/01/18 14:36:52 INFO  Habit=workout entry="" Date=2026-01-09T00:00:00.000Z Completed=true
debug 2026/01/18 14:36:52 INFO  Habit=workout entry="" Date=2026-01-10T00:00:00.000Z Completed=true
debug 2026/01/18 14:36:52 INFO  Habit=workout entry="" Date=2026-01-11T00:00:00.000Z Completed=true
debug 2026/01/18 14:36:52 INFO  Habit=workout entry="" Date=2026-01-12T00:00:00.000Z Completed=true
debug 2026/01/18 14:36:52 INFO  Habit=workout entry="" Date=2026-01-13T00:00:00.000Z Completed=true
debug 2026/01/18 14:36:52 INFO  Habit=workout entry="" Date=2026-01-14T00:00:00.000Z Completed=true
debug 2026/01/18 14:36:52 INFO  Habit=workout entry="" Date=2026-01-15T00:00:00.000Z Completed=false
debug 2026/01/18 14:36:52 INFO  Habit=workout entry="" Date=2026-01-16T00:00:00.000Z Completed=false
debug 2026/01/18 14:36:52 INFO  Habit=workout entry="" Date=2026-01-17T00:00:00.000Z Completed=true
debug 2026/01/18 14:36:52 INFO  Habit=reading entry="" Date=2026-01-13T00:00:00.000Z Completed=true
debug 2026/01/18 14:36:52 INFO  Habit=reading entry="" Date=2026-01-14T00:00:00.000Z Completed=true
debug 2026/01/18 14:36:52 INFO  Habit=reading entry="" Date=2026-01-15T00:00:00.000Z Completed=true
debug 2026/01/18 14:36:52 INFO  Habit=reading entry="" Date=2026-01-16T00:00:00.000Z Completed=true
debug 2026/01/18 14:36:52 INFO  Habit=reading entry="" Date=2026-01-17T00:00:00.000Z Completed=true
debug 2026/01/18 14:36:52 INFO  Habit=reading entry="" Date=2026-01-18T00:00:00.000Z Completed=true
debug 2026/01/18 14:36:52 INFO  Habit=workout entry="" Date=2026-01-07T00:00:00.000Z Completed=true
debug 2026/01/18 14:36:52 INFO  Habit=workout entry="" Date=2026-01-08T00:00:00.000Z Completed=true
debug 2026/01/18 14:36:52 INFO  Habit=workout entry="" Date=2026-01-09T00:00:00.000Z Completed=true
debug 2026/01/18 14:36:52 INFO  Habit=workout entry="" Date=2026-01-10T00:00:00.000Z Completed=true
debug 2026/01/18 14:36:52 INFO  Habit=workout entry="" Date=2026-01-11T00:00:00.000Z Completed=true
debug 2026/01/18 14:36:52 INFO  Habit=workout entry="" Date=2026-01-12T00:00:00.000Z Completed=true
debug 2026/01/18 14:36:52 INFO  Habit=workout entry="" Date=2026-01-13T00:00:00.000Z Completed=true
debug 2026/01/18 14:36:52 INFO  Habit=workout entry="" Date=2026-01-14T00:00:00.000Z Completed=true
debug 2026/01/18 14:36:52 INFO  Habit=workout entry="" Date=2026-01-15T00:00:00.000Z Completed=false
debug 2026/01/18 14:36:52 INFO  Habit=workout entry="" Date=2026-01-16T00:00:00.000Z Completed=false
debug 2026/01/18 14:36:52 INFO  Habit=workout entry="" Date=2026-01-17T00:00:00.000Z Completed=true
debug 2026/01/18 14:36:52 INFO  Habit=reading entry="" Date=2026-01-13T00:00:00.000Z Completed=true
debug 2026/01/18 14:36:52 INFO  Habit=reading entry="" Date=2026-01-14T00:00:00.000Z Completed=true
debug 2026/01/18 14:36:52 INFO  Habit=reading entry="" Date=2026-01-15T00:00:00.000Z Completed=true
debug 2026/01/18 14:36:52 INFO  Habit=reading entry="" Date=2026-01-16T00:00:00.000Z Completed=true
debug 2026/01/18 14:36:52 INFO  Habit=reading entry="" Date=2026-01-17T00:00:00.000Z Completed=true
debug 2026/01/18 14:36:52 INFO  Habit=reading entry="" Date=2026-01-18T00:00:00.000Z Completed=true
debug 2026/01/18 14:36:52 INFO  Habit=workout entry="" Date=2026-01-07T00:00:00.000Z Completed=true
debug 2026/01/18 14:36:52 INFO  Habit=workout entry="" Date=2026-01-08T00:00:00.000Z Completed=true
debug 2026/01/18 14:36:52 INFO  Habit=workout entry="" Date=2026-01-09T00:00:00.000Z Completed=true
debug 2026/01/18 14:36:52 INFO  Habit=workout entry="" Date=2026-01-10T00:00:00.000Z Completed=true
debug 2026/01/18 14:36:52 INFO  Habit=workout entry="" Date=2026-01-11T00:00:00.000Z Completed=true
debug 2026/01/18 14:36:52 INFO  Habit=workout entry="" Date=2026-01-12T00:00:00.000Z Completed=true
debug 2026/01/18 14:36:52 INFO  Habit=workout entry="" Date=2026-01-13T00:00:00.000Z Completed=true
debug 2026/01/18 14:36:52 INFO  Habit=workout entry="" Date=2026-01-14T00:00:00.000Z Completed=true
debug 2026/01/18 14:36:52 INFO  Habit=workout entry="" Date=2026-01-15T00:00:00.000Z Completed=false
debug 2026/01/18 14:36:52 INFO  Habit=workout entry="" Date=2026-01-16T00:00:00.000Z Completed=false
debug 2026/01/18 14:36:52 INFO  Habit=workout entry="" Date=2026-01-17T00:00:00.000Z Completed=true
debug 2026/01/18 14:36:52 INFO  Habit=reading entry="" Date=2026-01-13T00:00:00.000Z Completed=true
debug 2026/01/18 14:36:52 INFO  Habit=reading entry="" Date=2026-01-14T00:00:00.000Z Completed=true
debug 2026/01/18 14:36:52 INFO  Habit=reading entry="" Date=2026-01-15T00:00:00.000Z Completed=true
debug 2026/01/18 14:36:52 INFO  Habit=reading entry="" Date=2026-01-16T00:00:00.000Z Completed=true
debug 2026/01/18 14:36:52 INFO  Habit=reading entry="" Date=2026-01-17T00:00:00.000Z Completed=true
debug 2026/01/18 14:36:52 INFO  Habit=reading entry="" Date=2026-01-18T00:00:00.000Z Completed=true
debug 2026/01/18 14:36:52 INFO  Habit=workout entry="" Date=2026-01-07T00:00:00.000Z Completed=true
debug 2026/01/18 14:36:52 INFO  Habit=workout entry="" Date=2026-01-08T00:00:00.000Z Completed=true
debug 2026/01/18 14:36:52 INFO  Habit=workout entry="" Date=2026-01-09T00:00:00.000Z Completed=true
debug 2026/01/18 14:36:52 INFO  Habit=workout entry="" Date=2026-01-10T00:00:00.000Z Completed=true
debug 2026/01/18 14:36:52 INFO  Habit=workout entry="" Date=2026-01-11T00:00:00.000Z Completed=true
debug 2026/01/18 14:36:52 INFO  Habit=workout entry="" Date=2026-01-12T00:00:00.000Z Completed=true
debug 2026/01/18 14:36:52 INFO  Habit=workout entry="" Date=2026-01-13T00:00:00.000Z Completed=true
debug 2026/01/18 14:36:52 INFO  Habit=workout entry="" Date=2026-01-14T00:00:00.000Z Completed=true
debug 2026/01/18 14:36:52 INFO  Habit=workout entry="" Date=2026-01-15T00:00:00.000Z Completed=false
debug 2026/01/18 14:36:52 INFO  Habit=workout entry="" Date=2026-01-16T00:00:00.000Z Completed=false
debug 2026/01/18 14:36:52 INFO  Habit=workout entry="" Date=2026-01-17T00:00:00.000Z Completed=true
debug 2026/01/18 14:36:52 INFO  Habit=reading entry="" Date=2026-01-13T00:00:00.000Z Completed=true
debug 2026/01/18 14:36:52 INFO  Habit=reading entry="" Date=2026-01-14T00:00:00.000Z Completed=true
debug 2026/01/18 14:36:52 INFO  Habit=reading entry="" Date=2026-01-15T00:00:00.000Z Completed=true
debug 2026/01/18 14:36:52 INFO  Habit=reading entry="" Date=2026-01-16T00:00:00.000Z Completed=true
debug 2026/01/18 14:36:52 INFO  Habit=reading entry="" Date=2026-01-17T00:00:00.000Z Completed=true
debug 2026/01/18 14:36:52 INFO  Habit=reading entry="" Date=2026-01-18T00:00:00.000Z Completed=true
debug 2026/01/18 14:36:52 INFO  Habit=workout entry="" Date=2026-01-07T00:00:00.000Z Completed=true
debug 2026/01/18 14:36:52 INFO  Habit=workout entry="" Date=2026-01-08T00:00:00.000Z Completed=true
debug 2026/01/18 14:36:52 INFO  Habit=workout entry="" Date=2026-01-09T00:00:00.000Z Completed=true
debug 2026/01/18 14:36:52 INFO  Habit=workout entry="" Date=2026-01-10T00:00:00.000Z Completed=true
debug 2026/01/18 14:36:52 INFO  Habit=workout entry="" Date=2026-01-11T00:00:00.000Z Completed=true
debug 2026/01/18 14:36:52 INFO  Habit=workout entry="" Date=2026-01-12T00:00:00.000Z Completed=true
debug 2026/01/18 14:36:52 INFO  Habit=workout entry="" Date=2026-01-13T00:00:00.000Z Completed=true
debug 2026/01/18 14:36:52 INFO  Habit=workout entry="" Date=2026-01-14T00:00:00.000Z Completed=true
debug 2026/01/18 14:36:52 INFO  Habit=workout entry="" Date=2026-01-15T00:00:00.000Z Completed=false
debug 2026/01/18 14:36:52 INFO  Habit=workout entry="" Date=2026-01-16T00:00:00.000Z Completed=false
debug 2026/01/18 14:36:52 INFO  Habit=workout entry="" Date=2026-01-17T00:00:00.000Z Completed=true
debug 2026/01/18 14:36:52 INFO  Habit=reading entry="" Date=2026-01-13T00:00:00.000Z Completed=true
debug 2026/01/18 14:36:52 INFO  Habit=reading entry="" Date=2026-01-14T00:00:00.000Z Completed=true
debug 2026/01/18 14:36:52 INFO  Habit=reading entry="" Date=2026-01-15T00:00:00.000Z Completed=true
debug 2026/01/18 14:36:52 INFO  Habit=reading entry="" Date=2026-01-16T00:00:00.000Z Completed=true
debug 2026/01/18 14:36:52 INFO  Habit=reading entry="" Date=2026-01-17T00:00:00.000Z Completed=true
debug 2026/01/18 14:36:52 INFO  Habit=reading entry="" Date=2026-01-18T00:00:00.000Z Completed=true
debug 2026/01/18 14:36:52 INFO  Habit=workout entry="" Date=2026-01-07T00:00:00.000Z Completed=true
debug 2026/01/18 14:36:52 INFO  Habit=workout entry="" Date=2026-01-08T00:00:00.000Z Completed=true
debug 2026/01/18 14:36:52 INFO  Habit=workout entry="" Date=2026-01-09T00:00:00.000Z Completed=true
debug 2026/01/18 14:36:52 INFO  Habit=workout entry="" Date=2026-01-10T00:00:00.000Z Completed=true
debug 2026/01/18 14:36:52 INFO  Habit=workout entry="" Date=2026-01-11T00:00:00.000Z Completed=true
debug 2026/01/18 14:36:52 INFO  Habit=workout entry="" Date=2026-01-12T00:00:00.000Z Completed=true
debug 2026/01/18 14:36:52 INFO  Habit=workout entry="" Date=2026-01-13T00:00:00.000Z Completed=true
debug 2026/01/18 14:36:52 INFO  Habit=workout entry="" Date=2026-01-14T00:00:00.000Z Completed=true
debug 2026/01/18 14:36:52 INFO  Habit=workout entry="" Date=2026-01-15T00:00:00.000Z Completed=false
debug 2026/01/18 14:36:52 INFO  Habit=workout entry="" Date=2026-01-16T00:00:00.000Z Completed=false
debug 2026/01/18 14:36:52 INFO  Habit=workout entry="" Date=2026-01-17T00:00:00.000Z Completed=true
debug 2026/01/18 14:36:52 INFO  Habit=workout entry="" Date=2026-01-01T00:00:00.000Z Completed=true
debug 2026/01/18 14:36:52 INFO  Habit=workout entry="" Date=2026-01-02T00:00:00.000Z Completed=true
debug 2026/01/18 14:36:52 INFO  Habit=workout entry="" Date=2026-01-03T00:00:00.000Z Completed=true
debug 2026/01/18 14:36:52 INFO  Habit=workout entry="" Date=2026-01-04T00:00:00.000Z Completed=true
debug 2026/01/18 14:36:52 INFO  Habit=workout entry="" Date=2026-01-05T00:00:00.000Z Completed=true
debug 2026/01/18 14:36:52 INFO  Habit=workout entry="" Date=2026-01-06T00:00:00.000Z Completed=true
debug 2026/01/18 14:36:52 INFO  Habit=workout entry="" Date=2026-01-07T00:00:00.000Z Completed=true
debug 2026/01/18 14:36:52 INFO  Habit=workout entry="" Date=2026-01-08T00:00:00.000Z Completed=true
debug 2026/01/18 14:36:52 INFO  Habit=workout entry="" Date=2026-01-09T00:00:00.000Z Completed=true
debug 2026/01/18 14:36:52 INFO  Habit=workout entry="" Date=2026-01-10T00:00:00.000Z Completed=true
debug 2026/01/18 14:36:52 INFO  Habit=workout entry="" Date=2026-01-11T00:00:00.000Z Completed=true
debug 2026/01/18 14:36:52 INFO  Habit=workout entry="" Date=2026-01-12T00:00:00.000Z Completed=true
debug 2026/01/18 14:36:52 INFO  Habit=workout entry="" Date=2026-01-01T00:00:00.000Z Completed=true
debug 2026/01/18 14:36:52 INFO  Habit=workout entry="" Date=2026-01-02T00:00:00.000Z Completed=true
debug 2026/01/18 14:36:52 INFO  Habit=workout entry="" Date=2026-01-03T00:00:00.000Z Completed=true
debug 2026/01/18 14:36:52 INFO  Habit=workout entry="" Date=2026-01-04T00:00:00.000Z Completed=true
debug 2026/01/18 14:36:52 INFO  Habit=workout entry="" Date=2026-01-05T00:00:00.000Z Completed=true
debug 2026/01/18 14:36:52 INFO  Habit=workout entry="" Date=2026-01-06T00:00:00.000Z Completed=true
debug 2026/01/18 14:36:52 INFO  Habit=workout entry="" Date=2026-01-07T00:00:00.000Z Completed=true
debug 2026/01/18 14:36:52 INFO  Habit=workout entry="" Date=2026-01-08T00:00:00.000Z Completed=true
debug 2026/01/18 14:36:52 INFO  Habit=workout entry="" Date=2026-01-09T00:00:00.000Z Completed=true
debug 2026/01/18 14:36:52 INFO  Habit=workout entry="" Date=2026-01-10T00:00:00.000Z Completed=true
debug 2026/01/18 14:36:52 INFO  Habit=workout entry="" Date=2026-01-11T00:00:00.000Z Completed=true
debug 2026/01/18 14:36:52 INFO  Habit=workout entry="" Date=2026-01-12T00:00:00.000Z Completed=true
debug 2026/01/18 14:36:52 INFO  Habit=workout entry="" Date=2026-01-01T00:00:00.000Z Completed=true
debug 2026/01/18 14:36:52 INFO  Habit=workout entry="" Date=2026-01-02T00:00:00.000Z Completed=true
debug 2026/01/18 14:36:52 INFO  Habit=workout entry="" Date=2026-01-03T00:00:00.000Z Completed=true
debug 2026/01/18 14:36:52 INFO  Habit=workout entry="" Date=2026-01-04T00:00:00.000Z Completed=true
debug 2026/01/18 14:36:52 INFO  Habit=workout entry="" Date=2026-01-05T00:00:00.000Z Completed=true
debug 2026/01/18 14:36:52 INFO  Habit=workout entry="" Date=2026-01-06T00:00:00.000Z Completed=true
debug 2026/01/18 14:36:52 INFO  Habit=workout entry="" Date=2026-01-07T00:00:00.000Z Completed=true
debug 2026/01/18 14:36:52 INFO  Habit=workout entry="" Date=2026-01-08T00:00:00.000Z Completed=true
debug 2026/01/18 14:36:52 INFO  Habit=workout entry="" Date=2026-01-09T00:00:00.000Z Completed=true
debug 2026/01/18 14:36:52 INFO  Habit=workout entry="" Date=2026-01-10T00:00:00.000Z Completed=true
debug 2026/01/18 14:36:52 INFO  Habit=workout entry="" Date=2026-01-11T00:00:00.000Z Completed=true
debug 2026/01/18 14:36:52 INFO  Habit=workout entry="" Date=2026-01-12T00:00:00.000Z Completed=true
debug 2026/01/18 14:36:52 INFO  Habit=workout entry="" Date=2026-01-01T00:00:00.000Z Completed=true
debug 2026/01/18 14:36:52 INFO  Habit=workout entry="" Date=2026-01-02T00:00:00.000Z Completed=true
debug 2026/01/18 14:36:52 INFO  Habit=workout entry="" Date=2026-01-03T00:00:00.000Z Completed=true
debug 2026/01/18 14:36:52 INFO  Habit=workout entry="" Date=2026-01-04T00:00:00.000Z Completed=true
debug 2026/01/18 14:36:52 INFO  Habit=workout entry="" Date=2026-01-05T00:00:00.000Z Completed=true
debug 2026/01/18 14:36:52 INFO  Habit=workout entry="" Date=2026-01-06T00:00:00.000Z Completed=true
debug 2026/01/18 14:36:52 INFO  Habit=workout entry="" Date=2026-01-07T00:00:00.000Z Completed=true
debug 2026/01/18 14:36:52 INFO  Habit=workout entry="" Date=2026-01-08T00:00:00.000Z Completed=true
debug 2026/01/18 14:36:52 INFO  Habit=workout entry="" Date=2026-01-09T00:00:00.000Z Completed=true
debug 2026/01/18 14:36:52 INFO  Habit=workout entry="" Date=2026-01-10T00:00:00.000Z Completed=true
debug 2026/01/18 14:36:52 INFO  Habit=workout entry="" Date=2026-01-11T00:00:00.000Z Completed=true
debug 2026/01/18 14:36:52 INFO  Habit=workout entry="" Date=2026-01-12T00:00:00.000Z Completed=true
debug 2026/01/18 14:36:52 INFO  Habit=workout entry="" Date=2026-01-01T00:00:00.000Z Completed=true
debug 2026/01/18 14:36:52 INFO  Habit=workout entry="" Date=2026-01-02T00:00:00.000Z Completed=true
debug 2026/01/18 14:36:52 INFO  Habit=workout entry="" Date=2026-01-03T00:00:00.000Z Completed=true
debug 2026/01/18 14:36:52 INFO  Habit=workout entry="" Date=2026-01-04T00:00:00.000Z Completed=true
debug 2026/01/18 14:36:52 INFO  Habit=workout entry="" Date=2026-01-05T00:00:00.000Z Completed=true
debug 2026/01/18 14:36:52 INFO  Habit=workout entry="" Date=2026-01-06T00:00:00.000Z Completed=true
debug 2026/01/18 14:36:52 INFO  Habit=workout entry="" Date=2026-01-07T00:00:00.000Z Completed=true
debug 2026/01/18 14:36:52 INFO  Habit=workout entry="" Date=2026-01-08T00:00:00.000Z Completed=true
debug 2026/01/18 14:36:52 INFO  Habit=workout entry="" Date=2026-01-09T00:00:00.000Z Completed=true
debug 2026/01/18 14:36:52 INFO  Habit=workout entry="" Date=2026-01-10T00:00:00.000Z Completed=true
debug 2026/01/18 14:36:52 INFO  Habit=workout entry="" Date=2026-01-11T00:00:00.000Z Completed=true
debug 2026/01/18 14:36:52 INFO  Habit=workout entry="" Date=2026-01-12T00:00:00.000Z Completed=true
debug 2026/01/18 14:36:52 INFO  Habit=workout entry="" Date=2026-01-01T00:00:00.000Z Completed=true
debug 2026/01/18 14:36:52 INFO  Habit=workout entry="" Date=2026-01-02T00:00:00.000Z Completed=true
debug 2026/01/18 14:36:52 INFO  Habit=workout entry="" Date=2026-01-03T00:00:00.000Z Completed=true
debug 2026/01/18 14:36:52 INFO  Habit=workout entry="" Date=2026-01-04T00:00:00.000Z Completed=true
debug 2026/01/18 14:36:52 INFO  Habit=workout entry="" Date=2026-01-05T00:00:00.000Z Completed=true
debug 2026/01/18 14:36:52 INFO  Habit=workout entry="" Date=2026-01-06T00:00:00.000Z Completed=true
debug 2026/01/18 14:36:52 INFO  Habit=workout entry="" Date=2026-01-07T00:00:00.000Z Completed=true
debug 2026/01/18 14:36:52 INFO  Habit=workout entry="" Date=2026-01-08T00:00:00.000Z Completed=true
debug 2026/01/18 14:36:52 INFO  Habit=workout entry="" Date=2026-01-09T00:00:00.000Z Completed=true
debug 2026/01/18 14:36:52 INFO  Habit=workout entry="" Date=2026-01-10T00:00:00.000Z Completed=true
debug 2026/01/18 14:36:52 INFO  Habit=workout entry="" Date=2026-01-11T00:00:00.000Z Completed=true
debug 2026/01/18 14:36:52 INFO  Habit=workout entry="" Date=2026-01-12T00:00:00.000Z Completed=true
debug 2026/01/18 14:36:52 INFO  Habit=workout entry="" Date=2026-01-01T00:00:00.000Z Completed=true
debug 2026/01/18 14:36:52 INFO  Habit=workout entry="" Date=2026-01-02T00:00:00.000Z Completed=true
debug 2026/01/18 14:36:52 INFO  Habit=workout entry="" Date=2026-01-03T00:00:00.000Z Completed=true
debug 2026/01/18 14:36:52 INFO  Habit=workout entry="" Date=2026-01-04T00:00:00.000Z Completed=true
debug 2026/01/18 14:36:52 INFO  Habit=workout entry="" Date=2026-01-05T00:00:00.000Z Completed=true
debug 2026/01/18 14:36:52 INFO  Habit=workout entry="" Date=2026-01-06T00:00:00.000Z Completed=true
debug 2026/01/18 14:36:52 INFO  Habit=workout entry="" Date=2026-01-07T00:00:00.000Z Completed=true
debug 2026/01/18 14:36:52 INFO  Habit=workout entry="" Date=2026-01-08T00:00:00.000Z Completed=true
debug 2026/01/18 14:36:52 INFO  Habit=workout entry="" Date=2026-01-09T00:00:00.000Z Completed=true
debug 2026/01/18 14:36:52 INFO  Habit=workout entry="" Date=2026-01-10T00:00:00.000Z Completed=true
debug 2026/01/18 14:36:52 INFO  Habit=workout entry="" Date=2026-01-11T00:00:00.000Z Completed=true
debug 2026/01/18 14:36:52 INFO  Habit=workout entry="" Date=2026-01-12T00:00:00.000Z Completed=true
debug 2026/01/18 14:36:52 INFO  Habit=workout entry="" Date=2026-01-01T00:00:00.000Z Completed=true
debug 2026/01/18 14:36:52 INFO  Habit=workout entry="" Date=2026-01-02T00:00:00.000Z Completed=true
debug 2026/01/18 14:36:52 INFO  Habit=workout entry="" Date=2026-01-03T00:00:00.000Z Completed=true
debug 2026/01/18 14:36:52 INFO  Habit=workout entry="" Date=2026-01-04T00:00:00.000Z Completed=true
debug 2026/01/18 14:36:52 INFO  Habit=workout entry="" Date=2026-01-05T00:00:00.000Z Completed=true
debug 2026/01/18 14:36:52 INFO  Habit=workout entry="" Date=2026-01-06T00:00:00.000Z Completed=true
debug 2026/01/18 14:36:52 INFO  Habit=workout entry="" Date=2026-01-07T00:00:00.000Z Completed=true
debug 2026/01/18 14:36:52 INFO  Habit=workout entry="" Date=2026-01-08T00:00:00.000Z Completed=true
debug 2026/01/18 14:36:52 INFO  Habit=workout entry="" Date=2026-01-09T00:00:00.000Z Completed=true
debug 2026/01/18 14:36:52 INFO  Habit=workout entry="" Date=2026-01-10T00:00:00.000Z Completed=true
debug 2026/01/18 14:36:52 INFO  Habit=workout entry="" Date=2026-01-11T00:00:00.000Z Completed=true
debug 2026/01/18 14:36:52 INFO  Habit=workout entry="" Date=2026-01-12T00:00:00.000Z Completed=true
debug 2026/01/18 14:36:52 INFO  Habit=workout entry="" Date=2026-01-01T00:00:00.000Z Completed=true
debug 2026/01/18 14:36:52 INFO  Habit=workout entry="" Date=2026-01-02T00:00:00.000Z Completed=true
debug 2026/01/18 14:36:52 INFO  Habit=workout entry="" Date=2026-01-03T00:00:00.000Z Completed=true
debug 2026/01/18 14:36:52 INFO  Habit=workout entry="" Date=2026-01-04T00:00:00.000Z Completed=true
debug 2026/01/18 14:36:52 INFO  Habit=workout entry="" Date=2026-01-01T00:00:00.000Z Completed=true
debug 2026/01/18 14:36:52 INFO  Habit=workout entry="" Date=2026-01-02T00:00:00.000Z Completed=true
debug 2026/01/18 14:36:52 INFO  Habit=workout entry="" Date=2026-01-03T00:00:00.000Z Completed=true
debug 2026/01/18 14:36:52 INFO  Habit=workout entry="" Date=2026-01-04T00:00:00.000Z Completed=true
debug 2026/01/18 14:36:52 INFO  Habit=workout entry="" Date=2026-01-01T00:00:00.000Z Completed=true
debug 2026/01/18 14:36:52 INFO  Habit=workout entry="" Date=2026-01-02T00:00:00.000Z Completed=true
debug 2026/01/18 14:36:52 INFO  Habit=workout entry="" Date=2026-01-03T00:00:00.000Z Completed=true
debug 2026/01/18 14:36:52 INFO  Habit=workout entry="" Date=2026-01-04T00:00:00.000Z Completed=true
debug 2026/01/18 14:36:53 INFO  Habit=workout entry="" Date=2026-01-01T00:00:00.000Z Completed=true
debug 2026/01/18 14:36:53 INFO  Habit=workout entry="" Date=2026-01-02T00:00:00.000Z Completed=true
debug 2026/01/18 14:36:53 INFO  Habit=workout entry="" Date=2026-01-03T00:00:00.000Z Completed=true
debug 2026/01/18 14:36:53 INFO  Habit=workout entry="" Date=2026-01-04T00:00:00.000Z Completed=true
debug 2026/01/18 14:36:53 INFO  Habit=reading entry="" Date=2026-01-13T00:00:00.000Z Completed=true
debug 2026/01/18 14:36:53 INFO  Habit=reading entry="" Date=2026-01-14T00:00:00.000Z Completed=true
debug 2026/01/18 14:36:53 INFO  Habit=reading entry="" Date=2026-01-15T00:00:00.000Z Completed=true
debug 2026/01/18 14:36:53 INFO  Habit=reading entry="" Date=2026-01-16T00:00:00.000Z Completed=true
debug 2026/01/18 14:36:53 INFO  Habit=reading entry="" Date=2026-01-17T00:00:00.000Z Completed=true
debug 2026/01/18 14:36:53 INFO  Habit=reading entry="" Date=2026-01-18T00:00:00.000Z Completed=true
debug 2026/01/18 14:36:53 INFO  Habit=workout entry="" Date=2026-01-11T00:00:00.000Z Completed=true
debug 2026/01/18 14:36:53 INFO  Habit=workout entry="" Date=2026-01-12T00:00:00.000Z Completed=true
debug 2026/01/18 14:36:53 INFO  Habit=workout entry="" Date=2026-01-13T00:00:00.000Z Completed=true
debug 2026/01/18 14:36:53 INFO  Habit=workout entry="" Date=2026-01-14T00:00:00.000Z Completed=true
debug 2026/01/18 14:36:53 INFO  Habit=workout entry="" Date=2026-01-15T00:00:00.000Z Completed=false
debug 2026/01/18 14:36:53 INFO  Habit=workout entry="" Date=2026-01-16T00:00:00.000Z Completed=false
debug 2026/01/18 14:36:53 INFO  Habit=workout entry="" Date=2026-01-17T00:00:00.000Z Completed=true
debug 2026/01/18 14:37:42 INFO  Habit=reading entry="" Date=2026-01-13T00:00:00.000Z Completed=true
debug 2026/01/18 14:37:42 INFO  Habit=reading entry="" Date=2026-01-14T00:00:00.000Z Completed=true
debug 2026/01/18 14:37:42 INFO  Habit=reading entry="" Date=2026-01-15T00:00:00.000Z Completed=true
debug 2026/01/18 14:37:42 INFO  Habit=reading entry="" Date=2026-01-16T00:00:00.000Z Completed=true
debug 2026/01/18 14:37:42 INFO  Habit=reading entry="" Date=2026-01-17T00:00:00.000Z Completed=true
debug 2026/01/18 14:37:42 INFO  Habit=reading entry="" Date=2026-01-18T00:00:00.000Z Completed=true
debug 2026/01/18 14:37:42 INFO  Habit=workout entry="" Date=2026-01-11T00:00:00.000Z Completed=true
debug 2026/01/18 14:37:42 INFO  Habit=workout entry="" Date=2026-01-12T00:00:00.000Z Completed=true
debug 2026/01/18 14:37:42 INFO  Habit=workout entry="" Date=2026-01-13T00:00:00.000Z Completed=true
debug 2026/01/18 14:37:42 INFO  Habit=workout entry="" Date=2026-01-14T00:00:00.000Z Completed=true
debug 2026/01/18 14:37:42 INFO  Habit=workout entry="" Date=2026-01-15T00:00:00.000Z Completed=false
debug 2026/01/18 14:37:42 INFO  Habit=workout entry="" Date=2026-01-16T00:00:00.000Z Completed=false
debug 2026/01/18 14:37:42 INFO  Habit=workout entry="" Date=2026-01-17T00:00:00.000Z Completed=true
debug 2026/01/18 14:37:43 INFO  Habit=reading entry="" Date=2026-01-13T00:00:00.000Z Completed=true
debug 2026/01/18 14:37:43 INFO  Habit=reading entry="" Date=2026-01-14T00:00:00.000Z Completed=true
debug 2026/01/18 14:37:43 INFO  Habit=reading entry="" Date=2026-01-15T00:00:00.000Z Completed=true
debug 2026/01/18 14:37:43 INFO  Habit=reading entry="" Date=2026-01-16T00:00:00.000Z Completed=true
debug 2026/01/18 14:37:43 INFO  Habit=reading entry="" Date=2026-01-17T00:00:00.000Z Completed=true
debug 2026/01/18 14:37:43 INFO  Habit=reading entry="" Date=2026-01-18T00:00:00.000Z Completed=true
debug 2026/01/18 14:37:43 INFO  Habit=workout entry="" Date=2026-01-11T00:00:00.000Z Completed=true
debug 2026/01/18 14:37:43 INFO  Habit=workout entry="" Date=2026-01-12T00:00:00.000Z Completed=true
debug 2026/01/18 14:37:43 INFO  Habit=workout entry="" Date=2026-01-13T00:00:00.000Z Completed=true
debug 2026/01/18 14:37:43 INFO  Habit=workout entry="" Date=2026-01-14T00:00:00.000Z Completed=true
debug 2026/01/18 14:37:43 INFO  Habit=workout entry="" Date=2026-01-15T00:00:00.000Z Completed=false
debug 2026/01/18 14:37:43 INFO  Habit=workout entry="" Date=2026-01-16T00:00:00.000Z Completed=false
debug 2026/01/18 14:37:43 INFO  Habit=workout entry="" Date=2026-01-17T00:00:00.000Z Completed=true
debug 2026/01/18 14:37:48 INFO  Habit=reading entry="" Date=2026-01-13T00:00:00.000Z Completed=true
debug 2026/01/18 14:37:48 INFO  Habit=reading entry="" Date=2026-01-14T00:00:00.000Z Completed=true
debug 2026/01/18 14:37:48 INFO  Habit=reading entry="" Date=2026-01-15T00:00:00.000Z Completed=true
debug 2026/01/18 14:37:48 INFO  Habit=reading entry="" Date=2026-01-16T00:00:00.000Z Completed=true
debug 2026/01/18 14:37:48 INFO  Habit=reading entry="" Date=2026-01-17T00:00:00.000Z Completed=true
debug 2026/01/18 14:37:48 INFO  Habit=reading entry="" Date=2026-01-18T00:00:00.000Z Completed=true
debug 2026/01/18 14:37:48 INFO  Habit=workout entry="" Date=2026-01-11T00:00:00.000Z Completed=true
debug 2026/01/18 14:37:48 INFO  Habit=workout entry="" Date=2026-01-12T00:00:00.000Z Completed=true
debug 2026/01/18 14:37:48 INFO  Habit=workout entry="" Date=2026-01-13T00:00:00.000Z Completed=true
debug 2026/01/18 14:37:48 INFO  Habit=workout entry="" Date=2026-01-14T00:00:00.000Z Completed=true
debug 2026/01/18 14:37:48 INFO  Habit=workout entry="" Date=2026-01-15T00:00:00.000Z Completed=false
debug 2026/01/18 14:37:48 INFO  Habit=workout entry="" Date=2026-01-16T00:00:00.000Z Completed=false
debug 2026/01/18 14:37:48 INFO  Habit=workout entry="" Date=2026-01-17T00:00:00.000Z Completed=true
debug 2026/01/18 14:37:50 INFO  Habit=reading entry="" Date=2026-01-13T00:00:00.000Z Completed=true
debug 2026/01/18 14:37:50 INFO  Habit=reading entry="" Date=2026-01-14T00:00:00.000Z Completed=true
debug 2026/01/18 14:37:50 INFO  Habit=reading entry="" Date=2026-01-15T00:00:00.000Z Completed=true
debug 2026/01/18 14:37:50 INFO  Habit=reading entry="" Date=2026-01-16T00:00:00.000Z Completed=true
debug 2026/01/18 14:37:50 INFO  Habit=reading entry="" Date=2026-01-17T00:00:00.000Z Completed=true
debug 2026/01/18 14:37:50 INFO  Habit=reading entry="" Date=2026-01-18T00:00:00.000Z Completed=true
debug 2026/01/18 14:37:50 INFO  Habit=workout entry="" Date=2026-01-11T00:00:00.000Z Completed=true
debug 2026/01/18 14:37:50 INFO  Habit=workout entry="" Date=2026-01-12T00:00:00.000Z Completed=true
debug 2026/01/18 14:37:50 INFO  Habit=workout entry="" Date=2026-01-13T00:00:00.000Z Completed=true
debug 2026/01/18 14:37:50 INFO  Habit=workout entry="" Date=2026-01-14T00:00:00.000Z Completed=true
debug 2026/01/18 14:37:50 INFO  Habit=workout entry="" Date=2026-01-15T00:00:00.000Z Completed=false
debug 2026/01/18 14:37:50 INFO  Habit=workout entry="" Date=2026-01-16T00:00:00.000Z Completed=false
debug 2026/01/18 14:37:50 INFO  Habit=workout entry="" Date=2026-01-17T00:00:00.000Z Completed=true
debug 2026/01/18 14:39:22 INFO  Habit=reading entry="" Date=2026-01-13T00:00:00.000Z Completed=true
debug 2026/01/18 14:39:22 INFO  Habit=reading entry="" Date=2026-01-14T00:00:00.000Z Completed=true
debug 2026/01/18 14:39:22 INFO  Habit=reading entry="" Date=2026-01-15T00:00:00.000Z Completed=true
debug 2026/01/18 14:39:22 INFO  Habit=reading entry="" Date=2026-01-16T00:00:00.000Z Completed=true
debug 2026/01/18 14:39:22 INFO  Habit=reading entry="" Date=2026-01-17T00:00:00.000Z Completed=true
debug 2026/01/18 14:39:22 INFO  Habit=reading entry="" Date=2026-01-18T00:00:00.000Z Completed=true
debug 2026/01/18 14:39:22 INFO  Habit=workout entry="" Date=2026-01-11T00:00:00.000Z Completed=true
debug 2026/01/18 14:39:22 INFO  Habit=workout entry="" Date=2026-01-12T00:00:00.000Z Completed=true
debug 2026/01/18 14:39:22 INFO  Habit=workout entry="" Date=2026-01-13T00:00:00.000Z Completed=true
debug 2026/01/18 14:39:22 INFO  Habit=workout entry="" Date=2026-01-14T00:00:00.000Z Completed=true
debug 2026/01/18 14:39:22 INFO  Habit=workout entry="" Date=2026-01-15T00:00:00.000Z Completed=false
debug 2026/01/18 14:39:22 INFO  Habit=workout entry="" Date=2026-01-16T00:00:00.000Z Completed=false
debug 2026/01/18 14:39:22 INFO  Habit=workout entry="" Date=2026-01-17T00:00:00.000Z Completed=true
debug 2026/01/18 14:39:22 INFO  Habit=reading entry="" Date=2026-01-13T00:00:00.000Z Completed=true
debug 2026/01/18 14:39:22 INFO  Habit=reading entry="" Date=2026-01-14T00:00:00.000Z Completed=true
debug 2026/01/18 14:39:22 INFO  Habit=reading entry="" Date=2026-01-15T00:00:00.000Z Completed=true
debug 2026/01/18 14:39:22 INFO  Habit=reading entry="" Date=2026-01-16T00:00:00.000Z Completed=true
debug 2026/01/18 14:39:22 INFO  Habit=reading entry="" Date=2026-01-17T00:00:00.000Z Completed=true
debug 2026/01/18 14:39:22 INFO  Habit=reading entry="" Date=2026-01-18T00:00:00.000Z Completed=true
debug 2026/01/18 14:39:22 INFO  Habit=workout entry="" Date=2026-01-11T00:00:00.000Z Completed=true
debug 2026/01/18 14:39:22 INFO  Habit=workout entry="" Date=2026-01-12T00:00:00.000Z Completed=true
debug 2026/01/18 14:39:22 INFO  Habit=workout entry="" Date=2026-01-13T00:00:00.000Z Completed=true
debug 2026/01/18 14:39:22 INFO  Habit=workout entry="" Date=2026-01-14T00:00:00.000Z Completed=true
debug 2026/01/18 14:39:22 INFO  Habit=workout entry="" Date=2026-01-15T00:00:00.000Z Completed=false
debug 2026/01/18 14:39:22 INFO  Habit=workout entry="" Date=2026-01-16T00:00:00.000Z Completed=false
debug 2026/01/18 14:39:22 INFO  Habit=workout entry="" Date=2026-01-17T00:00:00.000Z Completed=true
debug 2026/01/18 14:39:23 INFO  Habit=reading entry="" Date=2026-01-13T00:00:00.000Z Completed=true
debug 2026/01/18 14:39:23 INFO  Habit=reading entry="" Date=2026-01-14T00:00:00.000Z Completed=true
debug 2026/01/18 14:39:23 INFO  Habit=reading entry="" Date=2026-01-15T00:00:00.000Z Completed=true
debug 2026/01/18 14:39:23 INFO  Habit=reading entry="" Date=2026-01-16T00:00:00.000Z Completed=true
debug 2026/01/18 14:39:23 INFO  Habit=reading entry="" Date=2026-01-17T00:00:00.000Z Completed=true
debug 2026/01/18 14:39:23 INFO  Habit=reading entry="" Date=2026-01-18T00:00:00.000Z Completed=true
debug 2026/01/18 14:39:23 INFO  Habit=workout entry="" Date=2026-01-11T00:00:00.000Z Completed=true
debug 2026/01/18 14:39:23 INFO  Habit=workout entry="" Date=2026-01-12T00:00:00.000Z Completed=true
debug 2026/01/18 14:39:23 INFO  Habit=workout entry="" Date=2026-01-13T00:00:00.000Z Completed=true
debug 2026/01/18 14:39:23 INFO  Habit=workout entry="" Date=2026-01-14T00:00:00.000Z Completed=true
debug 2026/01/18 14:39:23 INFO  Habit=workout entry="" Date=2026-01-15T00:00:00.000Z Completed=false
debug 2026/01/18 14:39:23 INFO  Habit=workout entry="" Date=2026-01-16T00:00:00.000Z Completed=false
debug 2026/01/18 14:39:23 INFO  Habit=workout entry="" Date=2026-01-17T00:00:00.000Z Completed=true
debug 2026/01/18 14:39:27 INFO  Habit=reading entry="" Date=2026-01-13T00:00:00.000Z Completed=true
debug 2026/01/18 14:39:27 INFO  Habit=reading entry="" Date=2026-01-14T00:00:00.000Z Completed=true
debug 2026/01/18 14:39:27 INFO  Habit=reading entry="" Date=2026-01-15T00:00:00.000Z Completed=true
debug 2026/01/18 14:39:27 INFO  Habit=reading entry="" Date=2026-01-16T00:00:00.000Z Completed=true
debug 2026/01/18 14:39:27 INFO  Habit=reading entry="" Date=2026-01-17T00:00:00.000Z Completed=true
debug 2026/01/18 14:39:27 INFO  Habit=reading entry="" Date=2026-01-18T00:00:00.000Z Completed=true
debug 2026/01/18 14:39:27 INFO  Habit=workout entry="" Date=2026-01-11T00:00:00.000Z Completed=true
debug 2026/01/18 14:39:27 INFO  Habit=workout entry="" Date=2026-01-12T00:00:00.000Z Completed=true
debug 2026/01/18 14:39:27 INFO  Habit=workout entry="" Date=2026-01-13T00:00:00.000Z Completed=true
debug 2026/01/18 14:39:27 INFO  Habit=workout entry="" Date=2026-01-14T00:00:00.000Z Completed=true
debug 2026/01/18 14:39:27 INFO  Habit=workout entry="" Date=2026-01-15T00:00:00.000Z Completed=false
debug 2026/01/18 14:39:27 INFO  Habit=workout entry="" Date=2026-01-16T00:00:00.000Z Completed=false
debug 2026/01/18 14:39:27 INFO  Habit=workout entry="" Date=2026-01-17T00:00:00.000Z Completed=true
debug 2026/01/18 14:39:28 INFO  Habit=reading entry="" Date=2026-01-13T00:00:00.000Z Completed=true
debug 2026/01/18 14:39:28 INFO  Habit=reading entry="" Date=2026-01-14T00:00:00.000Z Completed=true
debug 2026/01/18 14:39:28 INFO  Habit=reading entry="" Date=2026-01-15T00:00:00.000Z Completed=true
debug 2026/01/18 14:39:28 INFO  Habit=reading entry="" Date=2026-01-16T00:00:00.000Z Completed=true
debug 2026/01/18 14:39:28 INFO  Habit=reading entry="" Date=2026-01-17T00:00:00.000Z Completed=true
debug 2026/01/18 14:39:28 INFO  Habit=reading entry="" Date=2026-01-18T00:00:00.000Z Completed=true
debug 2026/01/18 14:39:28 INFO  Habit=workout entry="" Date=2026-01-11T00:00:00.000Z Completed=true
debug 2026/01/18 14:39:28 INFO  Habit=workout entry="" Date=2026-01-12T00:00:00.000Z Completed=true
debug 2026/01/18 14:39:28 INFO  Habit=workout entry="" Date=2026-01-13T00:00:00.000Z Completed=true
debug 2026/01/18 14:39:28 INFO  Habit=workout entry="" Date=2026-01-14T00:00:00.000Z Completed=true
debug 2026/01/18 14:39:28 INFO  Habit=workout entry="" Date=2026-01-15T00:00:00.000Z Completed=false
debug 2026/01/18 14:39:28 INFO  Habit=workout entry="" Date=2026-01-16T00:00:00.000Z Completed=false
debug 2026/01/18 14:39:28 INFO  Habit=workout entry="" Date=2026-01-17T00:00:00.000Z Completed=true
debug 2026/01/18 14:39:28 INFO  Habit=reading entry="" Date=2026-01-13T00:00:00.000Z Completed=true
debug 2026/01/18 14:39:28 INFO  Habit=reading entry="" Date=2026-01-14T00:00:00.000Z Completed=true
debug 2026/01/18 14:39:28 INFO  Habit=reading entry="" Date=2026-01-15T00:00:00.000Z Completed=true
debug 2026/01/18 14:39:28 INFO  Habit=reading entry="" Date=2026-01-16T00:00:00.000Z Completed=true
debug 2026/01/18 14:39:28 INFO  Habit=reading entry="" Date=2026-01-17T00:00:00.000Z Completed=true
debug 2026/01/18 14:39:28 INFO  Habit=reading entry="" Date=2026-01-18T00:00:00.000Z Completed=true
debug 2026/01/18 14:39:28 INFO  Habit=workout entry="" Date=2026-01-11T00:00:00.000Z Completed=true
debug 2026/01/18 14:39:28 INFO  Habit=workout entry="" Date=2026-01-12T00:00:00.000Z Completed=true
debug 2026/01/18 14:39:28 INFO  Habit=workout entry="" Date=2026-01-13T00:00:00.000Z Completed=true
debug 2026/01/18 14:39:28 INFO  Habit=workout entry="" Date=2026-01-14T00:00:00.000Z Completed=true
debug 2026/01/18 14:39:28 INFO  Habit=workout entry="" Date=2026-01-15T00:00:00.000Z Completed=false
debug 2026/01/18 14:39:28 INFO  Habit=workout entry="" Date=2026-01-16T00:00:00.000Z Completed=false
debug 2026/01/18 14:39:28 INFO  Habit=workout entry="" Date=2026-01-17T00:00:00.000Z Completed=true
debug 2026/01/18 14:39:35 INFO  Habit=reading entry="" Date=2026-01-13T00:00:00.000Z Completed=true
debug 2026/01/18 14:39:35 INFO  Habit=reading entry="" Date=2026-01-14T00:00:00.000Z Completed=true
debug 2026/01/18 14:39:35 INFO  Habit=reading entry="" Date=2026-01-15T00:00:00.000Z Completed=true
debug 2026/01/18 14:39:35 INFO  Habit=reading entry="" Date=2026-01-16T00:00:00.000Z Completed=true
debug 2026/01/18 14:39:35 INFO  Habit=reading entry="" Date=2026-01-17T00:00:00.000Z Completed=true
debug 2026/01/18 14:39:35 INFO  Habit=reading entry="" Date=2026-01-18T00:00:00.000Z Completed=true
debug 2026/01/18 14:39:35 INFO  Habit=workout entry="" Date=2026-01-11T00:00:00.000Z Completed=true
debug 2026/01/18 14:39:35 INFO  Habit=workout entry="" Date=2026-01-12T00:00:00.000Z Completed=true
debug 2026/01/18 14:39:35 INFO  Habit=workout entry="" Date=2026-01-13T00:00:00.000Z Completed=true
debug 2026/01/18 14:39:35 INFO  Habit=workout entry="" Date=2026-01-14T00:00:00.000Z Completed=true
debug 2026/01/18 14:39:35 INFO  Habit=workout entry="" Date=2026-01-15T00:00:00.000Z Completed=false
debug 2026/01/18 14:39:35 INFO  Habit=workout entry="" Date=2026-01-16T00:00:00.000Z Completed=false
debug 2026/01/18 14:39:35 INFO  Habit=workout entry="" Date=2026-01-17T00:00:00.000Z Completed=true
debug 2026/01/18 14:39:35 INFO  Habit=reading entry="" Date=2026-01-13T00:00:00.000Z Completed=true
debug 2026/01/18 14:39:35 INFO  Habit=reading entry="" Date=2026-01-14T00:00:00.000Z Completed=true
debug 2026/01/18 14:39:35 INFO  Habit=reading entry="" Date=2026-01-15T00:00:00.000Z Completed=true
debug 2026/01/18 14:39:35 INFO  Habit=reading entry="" Date=2026-01-16T00:00:00.000Z Completed=true
debug 2026/01/18 14:39:35 INFO  Habit=reading entry="" Date=2026-01-17T00:00:00.000Z Completed=true
debug 2026/01/18 14:39:35 INFO  Habit=reading entry="" Date=2026-01-18T00:00:00.000Z Completed=true
debug 2026/01/18 14:39:35 INFO  Habit=workout entry="" Date=2026-01-11T00:00:00.000Z Completed=true
debug 2026/01/18 14:39:35 INFO  Habit=workout entry="" Date=2026-01-12T00:00:00.000Z Completed=true
debug 2026/01/18 14:39:35 INFO  Habit=workout entry="" Date=2026-01-13T00:00:00.000Z Completed=true
debug 2026/01/18 14:39:35 INFO  Habit=workout entry="" Date=2026-01-14T00:00:00.000Z Completed=true
debug 2026/01/18 14:39:35 INFO  Habit=workout entry="" Date=2026-01-15T00:00:00.000Z Completed=false
debug 2026/01/18 14:39:35 INFO  Habit=workout entry="" Date=2026-01-16T00:00:00.000Z Completed=false
debug 2026/01/18 14:39:35 INFO  Habit=workout entry="" Date=2026-01-17T00:00:00.000Z Completed=true
debug 2026/01/18 14:39:35 INFO  Habit=reading entry="" Date=2026-01-13T00:00:00.000Z Completed=true
debug 2026/01/18 14:39:35 INFO  Habit=reading entry="" Date=2026-01-14T00:00:00.000Z Completed=true
debug 2026/01/18 14:39:35 INFO  Habit=reading entry="" Date=2026-01-15T00:00:00.000Z Completed=true
debug 2026/01/18 14:39:35 INFO  Habit=reading entry="" Date=2026-01-16T00:00:00.000Z Completed=true
debug 2026/01/18 14:39:35 INFO  Habit=reading entry="" Date=2026-01-17T00:00:00.000Z Completed=true
debug 2026/01/18 14:39:35 INFO  Habit=reading entry="" Date=2026-01-18T00:00:00.000Z Completed=true
debug 2026/01/18 14:39:35 INFO  Habit=workout entry="" Date=2026-01-11T00:00:00.000Z Completed=true
debug 2026/01/18 14:39:35 INFO  Habit=workout entry="" Date=2026-01-12T00:00:00.000Z Completed=true
debug 2026/01/18 14:39:35 INFO  Habit=workout entry="" Date=2026-01-13T00:00:00.000Z Completed=true
debug 2026/01/18 14:39:35 INFO  Habit=workout entry="" Date=2026-01-14T00:00:00.000Z Completed=true
debug 2026/01/18 14:39:35 INFO  Habit=workout entry="" Date=2026-01-15T00:00:00.000Z Completed=false
debug 2026/01/18 14:39:35 INFO  Habit=workout entry="" Date=2026-01-16T00:00:00.000Z Completed=false
debug 2026/01/18 14:39:35 INFO  Habit=workout entry="" Date=2026-01-17T00:00:00.000Z Completed=true
debug 2026/01/18 14:39:35 INFO  Habit=reading entry="" Date=2026-01-13T00:00:00.000Z Completed=true
debug 2026/01/18 14:39:35 INFO  Habit=reading entry="" Date=2026-01-14T00:00:00.000Z Completed=true
debug 2026/01/18 14:39:35 INFO  Habit=reading entry="" Date=2026-01-15T00:00:00.000Z Completed=true
debug 2026/01/18 14:39:35 INFO  Habit=reading entry="" Date=2026-01-16T00:00:00.000Z Completed=true
debug 2026/01/18 14:39:35 INFO  Habit=reading entry="" Date=2026-01-17T00:00:00.000Z Completed=true
debug 2026/01/18 14:39:35 INFO  Habit=reading entry="" Date=2026-01-18T00:00:00.000Z Completed=true
debug 2026/01/18 14:39:35 INFO  Habit=workout entry="" Date=2026-01-11T00:00:00.000Z Completed=true
debug 2026/01/18 14:39:35 INFO  Habit=workout entry="" Date=2026-01-12T00:00:00.000Z Completed=true
debug 2026/01/18 14:39:35 INFO  Habit=workout entry="" Date=2026-01-13T00:00:00.000Z Completed=true
debug 2026/01/18 14:39:35 INFO  Habit=workout entry="" Date=2026-01-14T00:00:00.000Z Completed=true
debug 2026/01/18 14:39:35 INFO  Habit=workout entry="" Date=2026-01-15T00:00:00.000Z Completed=false
debug 2026/01/18 14:39:35 INFO  Habit=workout entry="" Date=2026-01-16T00:00:00.000Z Completed=false
debug 2026/01/18 14:39:35 INFO  Habit=workout entry="" Date=2026-01-17T00:00:00.000Z Completed=true
debug 2026/01/18 14:39:35 INFO  Habit=reading entry="" Date=2026-01-18T00:00:00.000Z Completed=true
debug 2026/01/18 14:39:36 INFO  Habit=reading entry="" Date=2026-01-18T00:00:00.000Z Completed=true
debug 2026/01/18 14:39:36 INFO  Habit=reading entry="" Date=2026-01-18T00:00:00.000Z Completed=true
debug 2026/01/18 14:39:37 INFO  Habit=reading entry="" Date=2026-01-18T00:00:00.000Z Completed=true
debug 2026/01/18 14:39:37 INFO  Habit=reading entry="" Date=2026-01-18T00:00:00.000Z Completed=true
debug 2026/01/18 14:39:37 INFO  Habit=reading entry="" Date=2026-01-18T00:00:00.000Z Completed=true
debug 2026/01/18 14:39:37 INFO  Habit=reading entry="" Date=2026-01-18T00:00:00.000Z Completed=true
debug 2026/01/18 14:39:37 INFO  Habit=reading entry="" Date=2026-01-18T00:00:00.000Z Completed=true
debug 2026/01/18 14:39:38 INFO  Habit=reading entry="" Date=2026-01-18T00:00:00.000Z Completed=true
debug 2026/01/18 14:39:38 INFO  Habit=reading entry="" Date=2026-01-18T00:00:00.000Z Completed=true
debug 2026/01/18 14:39:38 INFO  Habit=reading entry="" Date=2026-01-13T00:00:00.000Z Completed=true
debug 2026/01/18 14:39:38 INFO  Habit=reading entry="" Date=2026-01-14T00:00:00.000Z Completed=true
debug 2026/01/18 14:39:38 INFO  Habit=reading entry="" Date=2026-01-15T00:00:00.000Z Completed=true
debug 2026/01/18 14:39:38 INFO  Habit=reading entry="" Date=2026-01-16T00:00:00.000Z Completed=true
debug 2026/01/18 14:39:38 INFO  Habit=reading entry="" Date=2026-01-17T00:00:00.000Z Completed=true
debug 2026/01/18 14:39:38 INFO  Habit=reading entry="" Date=2026-01-18T00:00:00.000Z Completed=true
debug 2026/01/18 14:39:38 INFO  Habit=workout entry="" Date=2026-01-10T00:00:00.000Z Completed=true
debug 2026/01/18 14:39:38 INFO  Habit=workout entry="" Date=2026-01-11T00:00:00.000Z Completed=true
debug 2026/01/18 14:39:38 INFO  Habit=workout entry="" Date=2026-01-12T00:00:00.000Z Completed=true
debug 2026/01/18 14:39:38 INFO  Habit=workout entry="" Date=2026-01-13T00:00:00.000Z Completed=true
debug 2026/01/18 14:39:38 INFO  Habit=workout entry="" Date=2026-01-14T00:00:00.000Z Completed=true
debug 2026/01/18 14:39:38 INFO  Habit=workout entry="" Date=2026-01-15T00:00:00.000Z Completed=false
debug 2026/01/18 14:39:38 INFO  Habit=workout entry="" Date=2026-01-16T00:00:00.000Z Completed=false
debug 2026/01/18 14:39:38 INFO  Habit=workout entry="" Date=2026-01-17T00:00:00.000Z Completed=true
debug 2026/01/18 14:39:42 INFO  Habit=reading entry="" Date=2026-01-13T00:00:00.000Z Completed=true
debug 2026/01/18 14:39:42 INFO  Habit=reading entry="" Date=2026-01-14T00:00:00.000Z Completed=true
debug 2026/01/18 14:39:42 INFO  Habit=reading entry="" Date=2026-01-15T00:00:00.000Z Completed=true
debug 2026/01/18 14:39:42 INFO  Habit=reading entry="" Date=2026-01-16T00:00:00.000Z Completed=true
debug 2026/01/18 14:39:42 INFO  Habit=reading entry="" Date=2026-01-17T00:00:00.000Z Completed=true
debug 2026/01/18 14:39:42 INFO  Habit=reading entry="" Date=2026-01-18T00:00:00.000Z Completed=true
debug 2026/01/18 14:39:42 INFO  Habit=workout entry="" Date=2026-01-10T00:00:00.000Z Completed=true
debug 2026/01/18 14:39:42 INFO  Habit=workout entry="" Date=2026-01-11T00:00:00.000Z Completed=true
debug 2026/01/18 14:39:42 INFO  Habit=workout entry="" Date=2026-01-12T00:00:00.000Z Completed=true
debug 2026/01/18 14:39:42 INFO  Habit=workout entry="" Date=2026-01-13T00:00:00.000Z Completed=true
debug 2026/01/18 14:39:42 INFO  Habit=workout entry="" Date=2026-01-14T00:00:00.000Z Completed=true
debug 2026/01/18 14:39:42 INFO  Habit=workout entry="" Date=2026-01-15T00:00:00.000Z Completed=false
debug 2026/01/18 14:39:42 INFO  Habit=workout entry="" Date=2026-01-16T00:00:00.000Z Completed=false
debug 2026/01/18 14:39:42 INFO  Habit=workout entry="" Date=2026-01-17T00:00:00.000Z Completed=true
debug 2026/01/18 14:39:43 INFO  Habit=reading entry="" Date=2026-01-13T00:00:00.000Z Completed=true
debug 2026/01/18 14:39:43 INFO  Habit=reading entry="" Date=2026-01-14T00:00:00.000Z Completed=true
debug 2026/01/18 14:39:43 INFO  Habit=reading entry="" Date=2026-01-15T00:00:00.000Z Completed=true
debug 2026/01/18 14:39:43 INFO  Habit=reading entry="" Date=2026-01-16T00:00:00.000Z Completed=true
debug 2026/01/18 14:39:43 INFO  Habit=reading entry="" Date=2026-01-17T00:00:00.000Z Completed=true
debug 2026/01/18 14:39:43 INFO  Habit=reading entry="" Date=2026-01-18T00:00:00.000Z Completed=true
debug 2026/01/18 14:39:43 INFO  Habit=workout entry="" Date=2026-01-10T00:00:00.000Z Completed=true
debug 2026/01/18 14:39:43 INFO  Habit=workout entry="" Date=2026-01-11T00:00:00.000Z Completed=true
debug 2026/01/18 14:39:43 INFO  Habit=workout entry="" Date=2026-01-12T00:00:00.000Z Completed=true
debug 2026/01/18 14:39:43 INFO  Habit=workout entry="" Date=2026-01-13T00:00:00.000Z Completed=true
debug 2026/01/18 14:39:43 INFO  Habit=workout entry="" Date=2026-01-14T00:00:00.000Z Completed=true
debug 2026/01/18 14:39:43 INFO  Habit=workout entry="" Date=2026-01-15T00:00:00.000Z Completed=false
debug 2026/01/18 14:39:43 INFO  Habit=workout entry="" Date=2026-01-16T00:00:00.000Z Completed=false
debug 2026/01/18 14:39:43 INFO  Habit=workout entry="" Date=2026-01-17T00:00:00.000Z Completed=true
debug 2026/01/18 14:39:43 INFO  Habit=reading entry="" Date=2026-01-13T00:00:00.000Z Completed=true
debug 2026/01/18 14:39:43 INFO  Habit=reading entry="" Date=2026-01-14T00:00:00.000Z Completed=true
debug 2026/01/18 14:39:43 INFO  Habit=reading entry="" Date=2026-01-15T00:00:00.000Z Completed=true
debug 2026/01/18 14:39:43 INFO  Habit=reading entry="" Date=2026-01-16T00:00:00.000Z Completed=true
debug 2026/01/18 14:39:43 INFO  Habit=reading entry="" Date=2026-01-17T00:00:00.000Z Completed=true
debug 2026/01/18 14:39:43 INFO  Habit=reading entry="" Date=2026-01-18T00:00:00.000Z Completed=true
debug 2026/01/18 14:39:43 INFO  Habit=workout entry="" Date=2026-01-10T00:00:00.000Z Completed=true
debug 2026/01/18 14:39:43 INFO  Habit=workout entry="" Date=2026-01-11T00:00:00.000Z Completed=true
debug 2026/01/18 14:39:43 INFO  Habit=workout entry="" Date=2026-01-12T00:00:00.000Z Completed=true
debug 2026/01/18 14:39:43 INFO  Habit=workout entry="" Date=2026-01-13T00:00:00.000Z Completed=true
debug 2026/01/18 14:39:43 INFO  Habit=workout entry="" Date=2026-01-14T00:00:00.000Z Completed=true
debug 2026/01/18 14:39:43 INFO  Habit=workout entry="" Date=2026-01-15T00:00:00.000Z Completed=false
debug 2026/01/18 14:39:43 INFO  Habit=workout entry="" Date=2026-01-16T00:00:00.000Z Completed=false
debug 2026/01/18 14:39:43 INFO  Habit=workout entry="" Date=2026-01-17T00:00:00.000Z Completed=true
debug 2026/01/18 14:39:43 INFO  Habit=reading entry="" Date=2026-01-13T00:00:00.000Z Completed=true
debug 2026/01/18 14:39:43 INFO  Habit=reading entry="" Date=2026-01-14T00:00:00.000Z Completed=true
debug 2026/01/18 14:39:43 INFO  Habit=reading entry="" Date=2026-01-15T00:00:00.000Z Completed=true
debug 2026/01/18 14:39:43 INFO  Habit=reading entry="" Date=2026-01-16T00:00:00.000Z Completed=true
debug 2026/01/18 14:39:43 INFO  Habit=reading entry="" Date=2026-01-17T00:00:00.000Z Completed=true
debug 2026/01/18 14:39:43 INFO  Habit=reading entry="" Date=2026-01-18T00:00:00.000Z Completed=true
debug 2026/01/18 14:39:43 INFO  Habit=workout entry="" Date=2026-01-10T00:00:00.000Z Completed=true
debug 2026/01/18 14:39:43 INFO  Habit=workout entry="" Date=2026-01-11T00:00:00.000Z Completed=true
debug 2026/01/18 14:39:43 INFO  Habit=workout entry="" Date=2026-01-12T00:00:00.000Z Completed=true
debug 2026/01/18 14:39:43 INFO  Habit=workout entry="" Date=2026-01-13T00:00:00.000Z Completed=true
debug 2026/01/18 14:39:43 INFO  Habit=workout entry="" Date=2026-01-14T00:00:00.000Z Completed=true
debug 2026/01/18 14:39:43 INFO  Habit=workout entry="" Date=2026-01-15T00:00:00.000Z Completed=false
debug 2026/01/18 14:39:43 INFO  Habit=workout entry="" Date=2026-01-16T00:00:00.000Z Completed=false
debug 2026/01/18 14:39:43 INFO  Habit=workout entry="" Date=2026-01-17T00:00:00.000Z Completed=true
debug 2026/01/18 14:39:44 INFO  Habit=reading entry="" Date=2026-01-13T00:00:00.000Z Completed=true
debug 2026/01/18 14:39:44 INFO  Habit=reading entry="" Date=2026-01-14T00:00:00.000Z Completed=true
debug 2026/01/18 14:39:44 INFO  Habit=reading entry="" Date=2026-01-15T00:00:00.000Z Completed=true
debug 2026/01/18 14:39:44 INFO  Habit=reading entry="" Date=2026-01-16T00:00:00.000Z Completed=true
debug 2026/01/18 14:39:44 INFO  Habit=reading entry="" Date=2026-01-17T00:00:00.000Z Completed=true
debug 2026/01/18 14:39:44 INFO  Habit=reading entry="" Date=2026-01-18T00:00:00.000Z Completed=true
debug 2026/01/18 14:39:44 INFO  Habit=workout entry="" Date=2026-01-10T00:00:00.000Z Completed=true
debug 2026/01/18 14:39:44 INFO  Habit=workout entry="" Date=2026-01-11T00:00:00.000Z Completed=true
debug 2026/01/18 14:39:44 INFO  Habit=workout entry="" Date=2026-01-12T00:00:00.000Z Completed=true
debug 2026/01/18 14:39:44 INFO  Habit=workout entry="" Date=2026-01-13T00:00:00.000Z Completed=true
debug 2026/01/18 14:39:44 INFO  Habit=workout entry="" Date=2026-01-14T00:00:00.000Z Completed=true
debug 2026/01/18 14:39:44 INFO  Habit=workout entry="" Date=2026-01-15T00:00:00.000Z Completed=false
debug 2026/01/18 14:39:44 INFO  Habit=workout entry="" Date=2026-01-16T00:00:00.000Z Completed=false
debug 2026/01/18 14:39:44 INFO  Habit=workout entry="" Date=2026-01-17T00:00:00.000Z Completed=true
debug 2026/01/18 14:39:45 INFO  Habit=reading entry="" Date=2026-01-13T00:00:00.000Z Completed=true
debug 2026/01/18 14:39:45 INFO  Habit=reading entry="" Date=2026-01-14T00:00:00.000Z Completed=true
debug 2026/01/18 14:39:45 INFO  Habit=reading entry="" Date=2026-01-15T00:00:00.000Z Completed=true
debug 2026/01/18 14:39:45 INFO  Habit=reading entry="" Date=2026-01-16T00:00:00.000Z Completed=true
debug 2026/01/18 14:39:45 INFO  Habit=reading entry="" Date=2026-01-17T00:00:00.000Z Completed=true
debug 2026/01/18 14:39:45 INFO  Habit=reading entry="" Date=2026-01-18T00:00:00.000Z Completed=true
debug 2026/01/18 14:39:45 INFO  Habit=workout entry="" Date=2026-01-10T00:00:00.000Z Completed=true
debug 2026/01/18 14:39:45 INFO  Habit=workout entry="" Date=2026-01-11T00:00:00.000Z Completed=true
debug 2026/01/18 14:39:45 INFO  Habit=workout entry="" Date=2026-01-12T00:00:00.000Z Completed=true
debug 2026/01/18 14:39:45 INFO  Habit=workout entry="" Date=2026-01-13T00:00:00.000Z Completed=true
debug 2026/01/18 14:39:45 INFO  Habit=workout entry="" Date=2026-01-14T00:00:00.000Z Completed=true
debug 2026/01/18 14:39:45 INFO  Habit=workout entry="" Date=2026-01-15T00:00:00.000Z Completed=false
debug 2026/01/18 14:39:45 INFO  Habit=workout entry="" Date=2026-01-16T00:00:00.000Z Completed=false
debug 2026/01/18 14:39:45 INFO  Habit=workout entry="" Date=2026-01-17T00:00:00.000Z Completed=true
debug 2026/01/18 14:39:45 INFO  Habit=reading entry="" Date=2026-01-13T00:00:00.000Z Completed=true
debug 2026/01/18 14:39:45 INFO  Habit=reading entry="" Date=2026-01-14T00:00:00.000Z Completed=true
debug 2026/01/18 14:39:45 INFO  Habit=reading entry="" Date=2026-01-15T00:00:00.000Z Completed=true
debug 2026/01/18 14:39:45 INFO  Habit=reading entry="" Date=2026-01-16T00:00:00.000Z Completed=true
debug 2026/01/18 14:39:45 INFO  Habit=reading entry="" Date=2026-01-17T00:00:00.000Z Completed=true
debug 2026/01/18 14:39:45 INFO  Habit=reading entry="" Date=2026-01-18T00:00:00.000Z Completed=true
debug 2026/01/18 14:39:45 INFO  Habit=workout entry="" Date=2026-01-10T00:00:00.000Z Completed=true
debug 2026/01/18 14:39:45 INFO  Habit=workout entry="" Date=2026-01-11T00:00:00.000Z Completed=true
debug 2026/01/18 14:39:45 INFO  Habit=workout entry="" Date=2026-01-12T00:00:00.000Z Completed=true
debug 2026/01/18 14:39:45 INFO  Habit=workout entry="" Date=2026-01-13T00:00:00.000Z Completed=true
debug 2026/01/18 14:39:45 INFO  Habit=workout entry="" Date=2026-01-14T00:00:00.000Z Completed=true
debug 2026/01/18 14:39:45 INFO  Habit=workout entry="" Date=2026-01-15T00:00:00.000Z Completed=false
debug 2026/01/18 14:39:45 INFO  Habit=workout entry="" Date=2026-01-16T00:00:00.000Z Completed=false
debug 2026/01/18 14:39:45 INFO  Habit=workout entry="" Date=2026-01-17T00:00:00.000Z Completed=true
debug 2026/01/18 14:39:46 INFO  Habit=reading entry="" Date=2026-01-13T00:00:00.000Z Completed=true
debug 2026/01/18 14:39:46 INFO  Habit=reading entry="" Date=2026-01-14T00:00:00.000Z Completed=true
debug 2026/01/18 14:39:46 INFO  Habit=reading entry="" Date=2026-01-15T00:00:00.000Z Completed=true
debug 2026/01/18 14:39:46 INFO  Habit=reading entry="" Date=2026-01-16T00:00:00.000Z Completed=true
debug 2026/01/18 14:39:46 INFO  Habit=reading entry="" Date=2026-01-17T00:00:00.000Z Completed=true
debug 2026/01/18 14:39:46 INFO  Habit=reading entry="" Date=2026-01-18T00:00:00.000Z Completed=true
debug 2026/01/18 14:39:46 INFO  Habit=workout entry="" Date=2026-01-10T00:00:00.000Z Completed=true
debug 2026/01/18 14:39:46 INFO  Habit=workout entry="" Date=2026-01-11T00:00:00.000Z Completed=true
debug 2026/01/18 14:39:46 INFO  Habit=workout entry="" Date=2026-01-12T00:00:00.000Z Completed=true
debug 2026/01/18 14:39:46 INFO  Habit=workout entry="" Date=2026-01-13T00:00:00.000Z Completed=true
debug 2026/01/18 14:39:46 INFO  Habit=workout entry="" Date=2026-01-14T00:00:00.000Z Completed=true
debug 2026/01/18 14:39:46 INFO  Habit=workout entry="" Date=2026-01-15T00:00:00.000Z Completed=false
debug 2026/01/18 14:39:46 INFO  Habit=workout entry="" Date=2026-01-16T00:00:00.000Z Completed=false
debug 2026/01/18 14:39:46 INFO  Habit=workout entry="" Date=2026-01-17T00:00:00.000Z Completed=true
debug 2026/01/18 14:39:48 INFO  Habit=reading entry="" Date=2026-01-13T00:00:00.000Z Completed=true
debug 2026/01/18 14:39:48 INFO  Habit=reading entry="" Date=2026-01-14T00:00:00.000Z Completed=true
debug 2026/01/18 14:39:48 INFO  Habit=reading entry="" Date=2026-01-15T00:00:00.000Z Completed=true
debug 2026/01/18 14:39:48 INFO  Habit=reading entry="" Date=2026-01-16T00:00:00.000Z Completed=true
debug 2026/01/18 14:39:48 INFO  Habit=reading entry="" Date=2026-01-17T00:00:00.000Z Completed=true
debug 2026/01/18 14:39:48 INFO  Habit=reading entry="" Date=2026-01-18T00:00:00.000Z Completed=true
debug 2026/01/18 14:39:48 INFO  Habit=workout entry="" Date=2026-01-10T00:00:00.000Z Completed=true
debug 2026/01/18 14:39:48 INFO  Habit=workout entry="" Date=2026-01-11T00:00:00.000Z Completed=true
debug 2026/01/18 14:39:48 INFO  Habit=workout entry="" Date=2026-01-12T00:00:00.000Z Completed=true
debug 2026/01/18 14:39:48 INFO  Habit=workout entry="" Date=2026-01-13T00:00:00.000Z Completed=true
debug 2026/01/18 14:39:48 INFO  Habit=workout entry="" Date=2026-01-14T00:00:00.000Z Completed=true
debug 2026/01/18 14:39:48 INFO  Habit=workout entry="" Date=2026-01-15T00:00:00.000Z Completed=false
debug 2026/01/18 14:39:48 INFO  Habit=workout entry="" Date=2026-01-16T00:00:00.000Z Completed=false
debug 2026/01/18 14:39:48 INFO  Habit=workout entry="" Date=2026-01-17T00:00:00.000Z Completed=true
debug 2026/01/18 14:39:49 INFO  Habit=reading entry="" Date=2026-01-13T00:00:00.000Z Completed=true
debug 2026/01/18 14:39:49 INFO  Habit=reading entry="" Date=2026-01-14T00:00:00.000Z Completed=true
debug 2026/01/18 14:39:49 INFO  Habit=reading entry="" Date=2026-01-15T00:00:00.000Z Completed=true
debug 2026/01/18 14:39:49 INFO  Habit=reading entry="" Date=2026-01-16T00:00:00.000Z Completed=true
debug 2026/01/18 14:39:49 INFO  Habit=reading entry="" Date=2026-01-17T00:00:00.000Z Completed=true
debug 2026/01/18 14:39:49 INFO  Habit=reading entry="" Date=2026-01-18T00:00:00.000Z Completed=true
debug 2026/01/18 14:39:49 INFO  Habit=workout entry="" Date=2026-01-10T00:00:00.000Z Completed=true
debug 2026/01/18 14:39:49 INFO  Habit=workout entry="" Date=2026-01-11T00:00:00.000Z Completed=true
debug 2026/01/18 14:39:49 INFO  Habit=workout entry="" Date=2026-01-12T00:00:00.000Z Completed=true
debug 2026/01/18 14:39:49 INFO  Habit=workout entry="" Date=2026-01-13T00:00:00.000Z Completed=true
debug 2026/01/18 14:39:49 INFO  Habit=workout entry="" Date=2026-01-14T00:00:00.000Z Completed=true
debug 2026/01/18 14:39:49 INFO  Habit=workout entry="" Date=2026-01-15T00:00:00.000Z Completed=false
debug 2026/01/18 14:39:49 INFO  Habit=workout entry="" Date=2026-01-16T00:00:00.000Z Completed=false
debug 2026/01/18 14:39:49 INFO  Habit=workout entry="" Date=2026-01-17T00:00:00.000Z Completed=true
debug 2026/01/18 14:39:49 INFO  Habit=reading entry="" Date=2026-01-13T00:00:00.000Z Completed=true
debug 2026/01/18 14:39:49 INFO  Habit=reading entry="" Date=2026-01-14T00:00:00.000Z Completed=true
debug 2026/01/18 14:39:49 INFO  Habit=reading entry="" Date=2026-01-15T00:00:00.000Z Completed=true
debug 2026/01/18 14:39:49 INFO  Habit=reading entry="" Date=2026-01-16T00:00:00.000Z Completed=true
debug 2026/01/18 14:39:49 INFO  Habit=reading entry="" Date=2026-01-17T00:00:00.000Z Completed=true
debug 2026/01/18 14:39:49 INFO  Habit=reading entry="" Date=2026-01-18T00:00:00.000Z Completed=true
debug 2026/01/18 14:39:49 INFO  Habit=workout entry="" Date=2026-01-10T00:00:00.000Z Completed=true
debug 2026/01/18 14:39:49 INFO  Habit=workout entry="" Date=2026-01-11T00:00:00.000Z Completed=true
debug 2026/01/18 14:39:49 INFO  Habit=workout entry="" Date=2026-01-12T00:00:00.000Z Completed=true
debug 2026/01/18 14:39:49 INFO  Habit=workout entry="" Date=2026-01-13T00:00:00.000Z Completed=true
debug 2026/01/18 14:39:49 INFO  Habit=workout entry="" Date=2026-01-14T00:00:00.000Z Completed=true
debug 2026/01/18 14:39:49 INFO  Habit=workout entry="" Date=2026-01-15T00:00:00.000Z Completed=false
debug 2026/01/18 14:39:49 INFO  Habit=workout entry="" Date=2026-01-16T00:00:00.000Z Completed=false
debug 2026/01/18 14:39:49 INFO  Habit=workout entry="" Date=2026-01-17T00:00:00.000Z Completed=true
debug 2026/01/18 14:39:49 INFO  Habit=reading entry="" Date=2026-01-13T00:00:00.000Z Completed=true
debug 2026/01/18 14:39:49 INFO  Habit=reading entry="" Date=2026-01-14T00:00:00.000Z Completed=true
debug 2026/01/18 14:39:49 INFO  Habit=reading entry="" Date=2026-01-15T00:00:00.000Z Completed=true
debug 2026/01/18 14:39:49 INFO  Habit=workout entry="" Date=2026-01-02T00:00:00.000Z Completed=true
debug 2026/01/18 14:39:49 INFO  Habit=workout entry="" Date=2026-01-03T00:00:00.000Z Completed=true
debug 2026/01/18 14:39:49 INFO  Habit=workout entry="" Date=2026-01-04T00:00:00.000Z Completed=true
debug 2026/01/18 14:39:49 INFO  Habit=workout entry="" Date=2026-01-05T00:00:00.000Z Completed=true
debug 2026/01/18 14:39:49 INFO  Habit=workout entry="" Date=2026-01-06T00:00:00.000Z Completed=true
debug 2026/01/18 14:39:49 INFO  Habit=workout entry="" Date=2026-01-07T00:00:00.000Z Completed=true
debug 2026/01/18 14:39:49 INFO  Habit=workout entry="" Date=2026-01-08T00:00:00.000Z Completed=true
debug 2026/01/18 14:39:49 INFO  Habit=workout entry="" Date=2026-01-09T00:00:00.000Z Completed=true
debug 2026/01/18 14:39:49 INFO  Habit=workout entry="" Date=2026-01-10T00:00:00.000Z Completed=true
debug 2026/01/18 14:39:49 INFO  Habit=workout entry="" Date=2026-01-11T00:00:00.000Z Completed=true
debug 2026/01/18 14:39:49 INFO  Habit=workout entry="" Date=2026-01-12T00:00:00.000Z Completed=true
debug 2026/01/18 14:39:49 INFO  Habit=workout entry="" Date=2026-01-13T00:00:00.000Z Completed=true
debug 2026/01/18 14:39:49 INFO  Habit=workout entry="" Date=2026-01-14T00:00:00.000Z Completed=true
debug 2026/01/18 14:39:49 INFO  Habit=workout entry="" Date=2026-01-15T00:00:00.000Z Completed=false
debug 2026/01/18 14:39:50 INFO  Habit=reading entry="" Date=2026-01-13T00:00:00.000Z Completed=true
debug 2026/01/18 14:39:50 INFO  Habit=reading entry="" Date=2026-01-14T00:00:00.000Z Completed=true
debug 2026/01/18 14:39:50 INFO  Habit=reading entry="" Date=2026-01-15T00:00:00.000Z Completed=true
debug 2026/01/18 14:39:50 INFO  Habit=workout entry="" Date=2026-01-02T00:00:00.000Z Completed=true
debug 2026/01/18 14:39:50 INFO  Habit=workout entry="" Date=2026-01-03T00:00:00.000Z Completed=true
debug 2026/01/18 14:39:50 INFO  Habit=workout entry="" Date=2026-01-04T00:00:00.000Z Completed=true
debug 2026/01/18 14:39:50 INFO  Habit=workout entry="" Date=2026-01-05T00:00:00.000Z Completed=true
debug 2026/01/18 14:39:50 INFO  Habit=workout entry="" Date=2026-01-06T00:00:00.000Z Completed=true
debug 2026/01/18 14:39:50 INFO  Habit=workout entry="" Date=2026-01-07T00:00:00.000Z Completed=true
debug 2026/01/18 14:39:50 INFO  Habit=workout entry="" Date=2026-01-08T00:00:00.000Z Completed=true
debug 2026/01/18 14:39:50 INFO  Habit=workout entry="" Date=2026-01-09T00:00:00.000Z Completed=true
debug 2026/01/18 14:39:50 INFO  Habit=workout entry="" Date=2026-01-10T00:00:00.000Z Completed=true
debug 2026/01/18 14:39:50 INFO  Habit=workout entry="" Date=2026-01-11T00:00:00.000Z Completed=true
debug 2026/01/18 14:39:50 INFO  Habit=workout entry="" Date=2026-01-12T00:00:00.000Z Completed=true
debug 2026/01/18 14:39:50 INFO  Habit=workout entry="" Date=2026-01-13T00:00:00.000Z Completed=true
debug 2026/01/18 14:39:50 INFO  Habit=workout entry="" Date=2026-01-14T00:00:00.000Z Completed=true
debug 2026/01/18 14:39:50 INFO  Habit=workout entry="" Date=2026-01-15T00:00:00.000Z Completed=false
debug 2026/01/18 14:39:50 INFO  Habit=reading entry="" Date=2026-01-13T00:00:00.000Z Completed=true
debug 2026/01/18 14:39:50 INFO  Habit=reading entry="" Date=2026-01-14T00:00:00.000Z Completed=true
debug 2026/01/18 14:39:50 INFO  Habit=reading entry="" Date=2026-01-15T00:00:00.000Z Completed=true
debug 2026/01/18 14:39:50 INFO  Habit=workout entry="" Date=2026-01-02T00:00:00.000Z Completed=true
debug 2026/01/18 14:39:50 INFO  Habit=workout entry="" Date=2026-01-03T00:00:00.000Z Completed=true
debug 2026/01/18 14:39:50 INFO  Habit=workout entry="" Date=2026-01-04T00:00:00.000Z Completed=true
debug 2026/01/18 14:39:50 INFO  Habit=workout entry="" Date=2026-01-05T00:00:00.000Z Completed=true
debug 2026/01/18 14:39:50 INFO  Habit=workout entry="" Date=2026-01-06T00:00:00.000Z Completed=true
debug 2026/01/18 14:39:50 INFO  Habit=workout entry="" Date=2026-01-07T00:00:00.000Z Completed=true
debug 2026/01/18 14:39:50 INFO  Habit=workout entry="" Date=2026-01-08T00:00:00.000Z Completed=true
debug 2026/01/18 14:39:50 INFO  Habit=workout entry="" Date=2026-01-09T00:00:00.000Z Completed=true
debug 2026/01/18 14:39:50 INFO  Habit=workout entry="" Date=2026-01-10T00:00:00.000Z Completed=true
debug 2026/01/18 14:39:50 INFO  Habit=workout entry="" Date=2026-01-11T00:00:00.000Z Completed=true
debug 2026/01/18 14:39:50 INFO  Habit=workout entry="" Date=2026-01-12T00:00:00.000Z Completed=true
debug 2026/01/18 14:39:50 INFO  Habit=workout entry="" Date=2026-01-13T00:00:00.000Z Completed=true
debug 2026/01/18 14:39:50 INFO  Habit=workout entry="" Date=2026-01-14T00:00:00.000Z Completed=true
debug 2026/01/18 14:39:50 INFO  Habit=workout entry="" Date=2026-01-15T00:00:00.000Z Completed=false
debug 2026/01/18 14:39:51 INFO  Habit=reading entry="" Date=2026-01-13T00:00:00.000Z Completed=true
debug 2026/01/18 14:39:51 INFO  Habit=reading entry="" Date=2026-01-14T00:00:00.000Z Completed=true
debug 2026/01/18 14:39:51 INFO  Habit=reading entry="" Date=2026-01-15T00:00:00.000Z Completed=true
debug 2026/01/18 14:39:51 INFO  Habit=workout entry="" Date=2026-01-02T00:00:00.000Z Completed=true
debug 2026/01/18 14:39:51 INFO  Habit=workout entry="" Date=2026-01-03T00:00:00.000Z Completed=true
debug 2026/01/18 14:39:51 INFO  Habit=workout entry="" Date=2026-01-04T00:00:00.000Z Completed=true
debug 2026/01/18 14:39:51 INFO  Habit=workout entry="" Date=2026-01-05T00:00:00.000Z Completed=true
debug 2026/01/18 14:39:51 INFO  Habit=workout entry="" Date=2026-01-06T00:00:00.000Z Completed=true
debug 2026/01/18 14:39:51 INFO  Habit=workout entry="" Date=2026-01-07T00:00:00.000Z Completed=true
debug 2026/01/18 14:39:51 INFO  Habit=workout entry="" Date=2026-01-08T00:00:00.000Z Completed=true
debug 2026/01/18 14:39:51 INFO  Habit=workout entry="" Date=2026-01-09T00:00:00.000Z Completed=true
debug 2026/01/18 14:39:51 INFO  Habit=workout entry="" Date=2026-01-10T00:00:00.000Z Completed=true
debug 2026/01/18 14:39:51 INFO  Habit=workout entry="" Date=2026-01-11T00:00:00.000Z Completed=true
debug 2026/01/18 14:39:51 INFO  Habit=workout entry="" Date=2026-01-12T00:00:00.000Z Completed=true
debug 2026/01/18 14:39:51 INFO  Habit=workout entry="" Date=2026-01-13T00:00:00.000Z Completed=true
debug 2026/01/18 14:39:51 INFO  Habit=workout entry="" Date=2026-01-14T00:00:00.000Z Completed=true
debug 2026/01/18 14:39:51 INFO  Habit=workout entry="" Date=2026-01-15T00:00:00.000Z Completed=false
debug 2026/01/18 14:39:51 INFO  Habit=reading entry="" Date=2026-01-13T00:00:00.000Z Completed=true
debug 2026/01/18 14:39:51 INFO  Habit=reading entry="" Date=2026-01-14T00:00:00.000Z Completed=true
debug 2026/01/18 14:39:51 INFO  Habit=reading entry="" Date=2026-01-15T00:00:00.000Z Completed=true
debug 2026/01/18 14:39:51 INFO  Habit=workout entry="" Date=2026-01-02T00:00:00.000Z Completed=true
debug 2026/01/18 14:39:51 INFO  Habit=workout entry="" Date=2026-01-03T00:00:00.000Z Completed=true
debug 2026/01/18 14:39:51 INFO  Habit=workout entry="" Date=2026-01-04T00:00:00.000Z Completed=true
debug 2026/01/18 14:39:51 INFO  Habit=workout entry="" Date=2026-01-05T00:00:00.000Z Completed=true
debug 2026/01/18 14:39:51 INFO  Habit=workout entry="" Date=2026-01-06T00:00:00.000Z Completed=true
debug 2026/01/18 14:39:51 INFO  Habit=workout entry="" Date=2026-01-07T00:00:00.000Z Completed=true
debug 2026/01/18 14:39:51 INFO  Habit=workout entry="" Date=2026-01-08T00:00:00.000Z Completed=true
debug 2026/01/18 14:39:51 INFO  Habit=workout entry="" Date=2026-01-09T00:00:00.000Z Completed=true
debug 2026/01/18 14:39:51 INFO  Habit=workout entry="" Date=2026-01-10T00:00:00.000Z Completed=true
debug 2026/01/18 14:39:51 INFO  Habit=workout entry="" Date=2026-01-11T00:00:00.000Z Completed=true
debug 2026/01/18 14:39:51 INFO  Habit=workout entry="" Date=2026-01-12T00:00:00.000Z Completed=true
debug 2026/01/18 14:39:51 INFO  Habit=workout entry="" Date=2026-01-13T00:00:00.000Z Completed=true
debug 2026/01/18 14:39:51 INFO  Habit=workout entry="" Date=2026-01-14T00:00:00.000Z Completed=true
debug 2026/01/18 14:39:51 INFO  Habit=workout entry="" Date=2026-01-15T00:00:00.000Z Completed=false
debug 2026/01/18 14:39:51 INFO  Habit=reading entry="" Date=2026-01-13T00:00:00.000Z Completed=true
debug 2026/01/18 14:39:51 INFO  Habit=reading entry="" Date=2026-01-14T00:00:00.000Z Completed=true
debug 2026/01/18 14:39:51 INFO  Habit=reading entry="" Date=2026-01-15T00:00:00.000Z Completed=true
debug 2026/01/18 14:39:51 INFO  Habit=workout entry="" Date=2026-01-02T00:00:00.000Z Completed=true
debug 2026/01/18 14:39:51 INFO  Habit=workout entry="" Date=2026-01-03T00:00:00.000Z Completed=true
debug 2026/01/18 14:39:51 INFO  Habit=workout entry="" Date=2026-01-04T00:00:00.000Z Completed=true
debug 2026/01/18 14:39:51 INFO  Habit=workout entry="" Date=2026-01-05T00:00:00.000Z Completed=true
debug 2026/01/18 14:39:51 INFO  Habit=workout entry="" Date=2026-01-06T00:00:00.000Z Completed=true
debug 2026/01/18 14:39:51 INFO  Habit=workout entry="" Date=2026-01-07T00:00:00.000Z Completed=true
debug 2026/01/18 14:39:51 INFO  Habit=workout entry="" Date=2026-01-08T00:00:00.000Z Completed=true
debug 2026/01/18 14:39:51 INFO  Habit=workout entry="" Date=2026-01-09T00:00:00.000Z Completed=true
debug 2026/01/18 14:39:51 INFO  Habit=workout entry="" Date=2026-01-10T00:00:00.000Z Completed=true
debug 2026/01/18 14:39:51 INFO  Habit=workout entry="" Date=2026-01-11T00:00:00.000Z Completed=true
debug 2026/01/18 14:39:51 INFO  Habit=workout entry="" Date=2026-01-12T00:00:00.000Z Completed=true
debug 2026/01/18 14:39:51 INFO  Habit=workout entry="" Date=2026-01-13T00:00:00.000Z Completed=true
debug 2026/01/18 14:39:51 INFO  Habit=workout entry="" Date=2026-01-14T00:00:00.000Z Completed=true
debug 2026/01/18 14:39:51 INFO  Habit=workout entry="" Date=2026-01-15T00:00:00.000Z Completed=false
debug 2026/01/18 14:39:51 INFO  Habit=reading entry="" Date=2026-01-13T00:00:00.000Z Completed=true
debug 2026/01/18 14:39:51 INFO  Habit=reading entry="" Date=2026-01-14T00:00:00.000Z Completed=true
debug 2026/01/18 14:39:51 INFO  Habit=reading entry="" Date=2026-01-15T00:00:00.000Z Completed=true
debug 2026/01/18 14:39:51 INFO  Habit=workout entry="" Date=2026-01-02T00:00:00.000Z Completed=true
debug 2026/01/18 14:39:51 INFO  Habit=workout entry="" Date=2026-01-03T00:00:00.000Z Completed=true
debug 2026/01/18 14:39:51 INFO  Habit=workout entry="" Date=2026-01-04T00:00:00.000Z Completed=true
debug 2026/01/18 14:39:51 INFO  Habit=workout entry="" Date=2026-01-05T00:00:00.000Z Completed=true
debug 2026/01/18 14:39:51 INFO  Habit=workout entry="" Date=2026-01-06T00:00:00.000Z Completed=true
debug 2026/01/18 14:39:51 INFO  Habit=workout entry="" Date=2026-01-07T00:00:00.000Z Completed=true
debug 2026/01/18 14:39:51 INFO  Habit=workout entry="" Date=2026-01-08T00:00:00.000Z Completed=true
debug 2026/01/18 14:39:51 INFO  Habit=workout entry="" Date=2026-01-09T00:00:00.000Z Completed=true
debug 2026/01/18 14:39:51 INFO  Habit=workout entry="" Date=2026-01-10T00:00:00.000Z Completed=true
debug 2026/01/18 14:39:51 INFO  Habit=workout entry="" Date=2026-01-11T00:00:00.000Z Completed=true
debug 2026/01/18 14:39:51 INFO  Habit=workout entry="" Date=2026-01-12T00:00:00.000Z Completed=true
debug 2026/01/18 14:39:51 INFO  Habit=workout entry="" Date=2026-01-13T00:00:00.000Z Completed=true
debug 2026/01/18 14:39:51 INFO  Habit=workout entry="" Date=2026-01-14T00:00:00.000Z Completed=true
debug 2026/01/18 14:39:51 INFO  Habit=workout entry="" Date=2026-01-15T00:00:00.000Z Completed=false
debug 2026/01/18 14:39:52 INFO  Habit=reading entry="" Date=2026-01-13T00:00:00.000Z Completed=true
debug 2026/01/18 14:39:52 INFO  Habit=reading entry="" Date=2026-01-14T00:00:00.000Z Completed=true
debug 2026/01/18 14:39:52 INFO  Habit=reading entry="" Date=2026-01-15T00:00:00.000Z Completed=true
debug 2026/01/18 14:39:52 INFO  Habit=workout entry="" Date=2026-01-02T00:00:00.000Z Completed=true
debug 2026/01/18 14:39:52 INFO  Habit=workout entry="" Date=2026-01-03T00:00:00.000Z Completed=true
debug 2026/01/18 14:39:52 INFO  Habit=workout entry="" Date=2026-01-04T00:00:00.000Z Completed=true
debug 2026/01/18 14:39:52 INFO  Habit=workout entry="" Date=2026-01-05T00:00:00.000Z Completed=true
debug 2026/01/18 14:39:52 INFO  Habit=workout entry="" Date=2026-01-06T00:00:00.000Z Completed=true
debug 2026/01/18 14:39:52 INFO  Habit=workout entry="" Date=2026-01-07T00:00:00.000Z Completed=true
debug 2026/01/18 14:39:52 INFO  Habit=workout entry="" Date=2026-01-08T00:00:00.000Z Completed=true
debug 2026/01/18 14:39:52 INFO  Habit=workout entry="" Date=2026-01-09T00:00:00.000Z Completed=true
debug 2026/01/18 14:39:52 INFO  Habit=workout entry="" Date=2026-01-10T00:00:00.000Z Completed=true
debug 2026/01/18 14:39:52 INFO  Habit=workout entry="" Date=2026-01-11T00:00:00.000Z Completed=true
debug 2026/01/18 14:39:52 INFO  Habit=workout entry="" Date=2026-01-12T00:00:00.000Z Completed=true
debug 2026/01/18 14:39:52 INFO  Habit=workout entry="" Date=2026-01-13T00:00:00.000Z Completed=true
debug 2026/01/18 14:39:52 INFO  Habit=workout entry="" Date=2026-01-14T00:00:00.000Z Completed=true
debug 2026/01/18 14:39:52 INFO  Habit=workout entry="" Date=2026-01-15T00:00:00.000Z Completed=false
debug 2026/01/18 14:39:53 INFO  Habit=reading entry="" Date=2026-01-13T00:00:00.000Z Completed=true
debug 2026/01/18 14:39:53 INFO  Habit=reading entry="" Date=2026-01-14T00:00:00.000Z Completed=true
debug 2026/01/18 14:39:53 INFO  Habit=reading entry="" Date=2026-01-15T00:00:00.000Z Completed=true
debug 2026/01/18 14:39:53 INFO  Habit=workout entry="" Date=2026-01-02T00:00:00.000Z Completed=true
debug 2026/01/18 14:39:53 INFO  Habit=workout entry="" Date=2026-01-03T00:00:00.000Z Completed=true
debug 2026/01/18 14:39:53 INFO  Habit=workout entry="" Date=2026-01-04T00:00:00.000Z Completed=true
debug 2026/01/18 14:39:53 INFO  Habit=workout entry="" Date=2026-01-05T00:00:00.000Z Completed=true
debug 2026/01/18 14:39:53 INFO  Habit=workout entry="" Date=2026-01-06T00:00:00.000Z Completed=true
debug 2026/01/18 14:39:53 INFO  Habit=workout entry="" Date=2026-01-07T00:00:00.000Z Completed=true
debug 2026/01/18 14:39:53 INFO  Habit=workout entry="" Date=2026-01-08T00:00:00.000Z Completed=true
debug 2026/01/18 14:39:53 INFO  Habit=workout entry="" Date=2026-01-09T00:00:00.000Z Completed=true
debug 2026/01/18 14:39:53 INFO  Habit=workout entry="" Date=2026-01-10T00:00:00.000Z Completed=true
debug 2026/01/18 14:39:53 INFO  Habit=workout entry="" Date=2026-01-11T00:00:00.000Z Completed=true
debug 2026/01/18 14:39:53 INFO  Habit=workout entry="" Date=2026-01-12T00:00:00.000Z Completed=true
debug 2026/01/18 14:39:53 INFO  Habit=workout entry="" Date=2026-01-13T00:00:00.000Z Completed=true
debug 2026/01/18 14:39:53 INFO  Habit=workout entry="" Date=2026-01-14T00:00:00.000Z Completed=true
debug 2026/01/18 14:39:53 INFO  Habit=workout entry="" Date=2026-01-15T00:00:00.000Z Completed=false
debug 2026/01/18 14:39:53 INFO  Habit=reading entry="" Date=2026-01-13T00:00:00.000Z Completed=true
debug 2026/01/18 14:39:53 INFO  Habit=reading entry="" Date=2026-01-14T00:00:00.000Z Completed=true
debug 2026/01/18 14:39:53 INFO  Habit=reading entry="" Date=2026-01-15T00:00:00.000Z Completed=true
debug 2026/01/18 14:39:53 INFO  Habit=workout entry="" Date=2026-01-02T00:00:00.000Z Completed=true
debug 2026/01/18 14:39:53 INFO  Habit=workout entry="" Date=2026-01-03T00:00:00.000Z Completed=true
debug 2026/01/18 14:39:53 INFO  Habit=workout entry="" Date=2026-01-04T00:00:00.000Z Completed=true
debug 2026/01/18 14:39:53 INFO  Habit=workout entry="" Date=2026-01-05T00:00:00.000Z Completed=true
debug 2026/01/18 14:39:53 INFO  Habit=workout entry="" Date=2026-01-06T00:00:00.000Z Completed=true
debug 2026/01/18 14:39:53 INFO  Habit=workout entry="" Date=2026-01-07T00:00:00.000Z Completed=true
debug 2026/01/18 14:39:53 INFO  Habit=workout entry="" Date=2026-01-08T00:00:00.000Z Completed=true
debug 2026/01/18 14:39:53 INFO  Habit=workout entry="" Date=2026-01-09T00:00:00.000Z Completed=true
debug 2026/01/18 14:39:53 INFO  Habit=workout entry="" Date=2026-01-10T00:00:00.000Z Completed=true
debug 2026/01/18 14:39:53 INFO  Habit=workout entry="" Date=2026-01-11T00:00:00.000Z Completed=true
debug 2026/01/18 14:39:53 INFO  Habit=workout entry="" Date=2026-01-12T00:00:00.000Z Completed=true
debug 2026/01/18 14:39:53 INFO  Habit=workout entry="" Date=2026-01-13T00:00:00.000Z Completed=true
debug 2026/01/18 14:39:53 INFO  Habit=workout entry="" Date=2026-01-14T00:00:00.000Z Completed=true
debug 2026/01/18 14:39:53 INFO  Habit=workout entry="" Date=2026-01-15T00:00:00.000Z Completed=false
debug 2026/01/18 14:39:54 INFO  Habit=reading entry="" Date=2026-01-13T00:00:00.000Z Completed=true
debug 2026/01/18 14:39:54 INFO  Habit=reading entry="" Date=2026-01-14T00:00:00.000Z Completed=true
debug 2026/01/18 14:39:54 INFO  Habit=reading entry="" Date=2026-01-15T00:00:00.000Z Completed=true
debug 2026/01/18 14:39:54 INFO  Habit=workout entry="" Date=2026-01-02T00:00:00.000Z Completed=true
debug 2026/01/18 14:39:54 INFO  Habit=workout entry="" Date=2026-01-03T00:00:00.000Z Completed=true
debug 2026/01/18 14:39:54 INFO  Habit=workout entry="" Date=2026-01-04T00:00:00.000Z Completed=true
debug 2026/01/18 14:39:54 INFO  Habit=workout entry="" Date=2026-01-05T00:00:00.000Z Completed=true
debug 2026/01/18 14:39:54 INFO  Habit=workout entry="" Date=2026-01-06T00:00:00.000Z Completed=true
debug 2026/01/18 14:39:54 INFO  Habit=workout entry="" Date=2026-01-07T00:00:00.000Z Completed=true
debug 2026/01/18 14:39:54 INFO  Habit=workout entry="" Date=2026-01-08T00:00:00.000Z Completed=true
debug 2026/01/18 14:39:54 INFO  Habit=workout entry="" Date=2026-01-09T00:00:00.000Z Completed=true
debug 2026/01/18 14:39:54 INFO  Habit=workout entry="" Date=2026-01-10T00:00:00.000Z Completed=false
debug 2026/01/18 14:39:54 INFO  Habit=workout entry="" Date=2026-01-11T00:00:00.000Z Completed=true
debug 2026/01/18 14:39:54 INFO  Habit=workout entry="" Date=2026-01-12T00:00:00.000Z Completed=true
debug 2026/01/18 14:39:54 INFO  Habit=workout entry="" Date=2026-01-13T00:00:00.000Z Completed=true
debug 2026/01/18 14:39:54 INFO  Habit=workout entry="" Date=2026-01-14T00:00:00.000Z Completed=true
debug 2026/01/18 14:39:54 INFO  Habit=workout entry="" Date=2026-01-15T00:00:00.000Z Completed=false
debug 2026/01/18 14:39:56 INFO  Habit=reading entry="" Date=2026-01-13T00:00:00.000Z Completed=true
debug 2026/01/18 14:39:56 INFO  Habit=reading entry="" Date=2026-01-14T00:00:00.000Z Completed=true
debug 2026/01/18 14:39:56 INFO  Habit=reading entry="" Date=2026-01-15T00:00:00.000Z Completed=true
debug 2026/01/18 14:39:56 INFO  Habit=reading entry="" Date=2026-01-16T00:00:00.000Z Completed=true
debug 2026/01/18 14:39:56 INFO  Habit=reading entry="" Date=2026-01-17T00:00:00.000Z Completed=true
debug 2026/01/18 14:39:56 INFO  Habit=reading entry="" Date=2026-01-18T00:00:00.000Z Completed=true
debug 2026/01/18 14:39:56 INFO  Habit=workout entry="" Date=2026-01-11T00:00:00.000Z Completed=true
debug 2026/01/18 14:39:56 INFO  Habit=workout entry="" Date=2026-01-12T00:00:00.000Z Completed=true
debug 2026/01/18 14:39:56 INFO  Habit=workout entry="" Date=2026-01-13T00:00:00.000Z Completed=true
debug 2026/01/18 14:39:56 INFO  Habit=workout entry="" Date=2026-01-14T00:00:00.000Z Completed=true
debug 2026/01/18 14:39:56 INFO  Habit=workout entry="" Date=2026-01-15T00:00:00.000Z Completed=false
debug 2026/01/18 14:39:56 INFO  Habit=workout entry="" Date=2026-01-16T00:00:00.000Z Completed=false
debug 2026/01/18 14:39:56 INFO  Habit=workout entry="" Date=2026-01-17T00:00:00.000Z Completed=true
debug 2026/01/18 14:39:56 INFO Attempt to get entries with start=2025-01-18T14:39:56.982Z end=2026-01-18T14:39:56.982Z
debug 2026/01/18 14:39:56 INFO Got entries from database count=6
debug 2026/01/18 14:39:56 INFO Attempt to get entries with start=2025-01-18T14:39:56.982Z end=2026-01-18T14:39:56.982Z
debug 2026/01/18 14:39:56 INFO Got entries from database count=0
debug 2026/01/18 14:39:56 INFO Attempt to get entries with start=2025-01-18T14:39:56.982Z end=2026-01-18T14:39:56.982Z
debug 2026/01/18 14:39:56 INFO Got entries from database count=17
debug 2026/01/18 14:39:59 INFO  Habit=reading entry="" Date=2026-01-13T00:00:00.000Z Completed=true
debug 2026/01/18 14:39:59 INFO  Habit=reading entry="" Date=2026-01-14T00:00:00.000Z Completed=true
debug 2026/01/18 14:39:59 INFO  Habit=reading entry="" Date=2026-01-15T00:00:00.000Z Completed=true
debug 2026/01/18 14:39:59 INFO  Habit=workout entry="" Date=2026-01-02T00:00:00.000Z Completed=true
debug 2026/01/18 14:39:59 INFO  Habit=workout entry="" Date=2026-01-03T00:00:00.000Z Completed=true
debug 2026/01/18 14:39:59 INFO  Habit=workout entry="" Date=2026-01-04T00:00:00.000Z Completed=true
debug 2026/01/18 14:39:59 INFO  Habit=workout entry="" Date=2026-01-05T00:00:00.000Z Completed=true
debug 2026/01/18 14:39:59 INFO  Habit=workout entry="" Date=2026-01-06T00:00:00.000Z Completed=true
debug 2026/01/18 14:39:59 INFO  Habit=workout entry="" Date=2026-01-07T00:00:00.000Z Completed=true
debug 2026/01/18 14:39:59 INFO  Habit=workout entry="" Date=2026-01-08T00:00:00.000Z Completed=true
debug 2026/01/18 14:39:59 INFO  Habit=workout entry="" Date=2026-01-09T00:00:00.000Z Completed=true
debug 2026/01/18 14:39:59 INFO  Habit=workout entry="" Date=2026-01-10T00:00:00.000Z Completed=false
debug 2026/01/18 14:39:59 INFO  Habit=workout entry="" Date=2026-01-11T00:00:00.000Z Completed=true
debug 2026/01/18 14:39:59 INFO  Habit=workout entry="" Date=2026-01-12T00:00:00.000Z Completed=true
debug 2026/01/18 14:39:59 INFO  Habit=workout entry="" Date=2026-01-13T00:00:00.000Z Completed=true
debug 2026/01/18 14:39:59 INFO  Habit=workout entry="" Date=2026-01-14T00:00:00.000Z Completed=true
debug 2026/01/18 14:39:59 INFO  Habit=workout entry="" Date=2026-01-15T00:00:00.000Z Completed=false
debug 2026/01/18 14:40:01 INFO  Habit=reading entry="" Date=2026-01-13T00:00:00.000Z Completed=true
debug 2026/01/18 14:40:01 INFO  Habit=reading entry="" Date=2026-01-14T00:00:00.000Z Completed=true
debug 2026/01/18 14:40:01 INFO  Habit=reading entry="" Date=2026-01-15T00:00:00.000Z Completed=true
debug 2026/01/18 14:40:01 INFO  Habit=workout entry="" Date=2026-01-02T00:00:00.000Z Completed=true
debug 2026/01/18 14:40:01 INFO  Habit=workout entry="" Date=2026-01-03T00:00:00.000Z Completed=true
debug 2026/01/18 14:40:01 INFO  Habit=workout entry="" Date=2026-01-04T00:00:00.000Z Completed=true
debug 2026/01/18 14:40:01 INFO  Habit=workout entry="" Date=2026-01-05T00:00:00.000Z Completed=true
debug 2026/01/18 14:40:01 INFO  Habit=workout entry="" Date=2026-01-06T00:00:00.000Z Completed=true
debug 2026/01/18 14:40:01 INFO  Habit=workout entry="" Date=2026-01-07T00:00:00.000Z Completed=true
debug 2026/01/18 14:40:01 INFO  Habit=workout entry="" Date=2026-01-08T00:00:00.000Z Completed=true
debug 2026/01/18 14:40:01 INFO  Habit=workout entry="" Date=2026-01-09T00:00:00.000Z Completed=true
debug 2026/01/18 14:40:01 INFO  Habit=workout entry="" Date=2026-01-10T00:00:00.000Z Completed=false
debug 2026/01/18 14:40:01 INFO  Habit=workout entry="" Date=2026-01-11T00:00:00.000Z Completed=true
debug 2026/01/18 14:40:01 INFO  Habit=workout entry="" Date=2026-01-12T00:00:00.000Z Completed=true
debug 2026/01/18 14:40:01 INFO  Habit=workout entry="" Date=2026-01-13T00:00:00.000Z Completed=true
debug 2026/01/18 14:40:01 INFO  Habit=workout entry="" Date=2026-01-14T00:00:00.000Z Completed=true
debug 2026/01/18 14:40:01 INFO  Habit=workout entry="" Date=2026-01-15T00:00:00.000Z Completed=false
debug 2026/01/18 14:40:02 INFO  Habit=reading entry="" Date=2026-01-13T00:00:00.000Z Completed=true
debug 2026/01/18 14:40:02 INFO  Habit=reading entry="" Date=2026-01-14T00:00:00.000Z Completed=true
debug 2026/01/18 14:40:02 INFO  Habit=reading entry="" Date=2026-01-15T00:00:00.000Z Completed=true
debug 2026/01/18 14:40:02 INFO  Habit=workout entry="" Date=2026-01-02T00:00:00.000Z Completed=true
debug 2026/01/18 14:40:02 INFO  Habit=workout entry="" Date=2026-01-03T00:00:00.000Z Completed=true
debug 2026/01/18 14:40:02 INFO  Habit=workout entry="" Date=2026-01-04T00:00:00.000Z Completed=true
debug 2026/01/18 14:40:02 INFO  Habit=workout entry="" Date=2026-01-05T00:00:00.000Z Completed=true
debug 2026/01/18 14:40:02 INFO  Habit=workout entry="" Date=2026-01-06T00:00:00.000Z Completed=true
debug 2026/01/18 14:40:02 INFO  Habit=workout entry="" Date=2026-01-07T00:00:00.000Z Completed=true
debug 2026/01/18 14:40:02 INFO  Habit=workout entry="" Date=2026-01-08T00:00:00.000Z Completed=true
debug 2026/01/18 14:40:02 INFO  Habit=workout entry="" Date=2026-01-09T00:00:00.000Z Completed=true
debug 2026/01/18 14:40:02 INFO  Habit=workout entry="" Date=2026-01-10T00:00:00.000Z Completed=false
debug 2026/01/18 14:40:02 INFO  Habit=workout entry="" Date=2026-01-11T00:00:00.000Z Completed=true
debug 2026/01/18 14:40:02 INFO  Habit=workout entry="" Date=2026-01-12T00:00:00.000Z Completed=true
debug 2026/01/18 14:40:02 INFO  Habit=workout entry="" Date=2026-01-13T00:00:00.000Z Completed=true
debug 2026/01/18 14:40:02 INFO  Habit=workout entry="" Date=2026-01-14T00:00:00.000Z Completed=true
debug 2026/01/18 14:40:02 INFO  Habit=workout entry="" Date=2026-01-15T00:00:00.000Z Completed=false
debug 2026/01/18 14:40:02 INFO  Habit=reading entry="" Date=2026-01-13T00:00:00.000Z Completed=true
debug 2026/01/18 14:40:02 INFO  Habit=reading entry="" Date=2026-01-14T00:00:00.000Z Completed=true
debug 2026/01/18 14:40:02 INFO  Habit=reading entry="" Date=2026-01-15T00:00:00.000Z Completed=true
debug 2026/01/18 14:40:02 INFO  Habit=workout entry="" Date=2026-01-02T00:00:00.000Z Completed=true
debug 2026/01/18 14:40:02 INFO  Habit=workout entry="" Date=2026-01-03T00:00:00.000Z Completed=true
debug 2026/01/18 14:40:02 INFO  Habit=workout entry="" Date=2026-01-04T00:00:00.000Z Completed=true
debug 2026/01/18 14:40:02 INFO  Habit=workout entry="" Date=2026-01-05T00:00:00.000Z Completed=true
debug 2026/01/18 14:40:02 INFO  Habit=workout entry="" Date=2026-01-06T00:00:00.000Z Completed=true
debug 2026/01/18 14:40:02 INFO  Habit=workout entry="" Date=2026-01-07T00:00:00.000Z Completed=true
debug 2026/01/18 14:40:02 INFO  Habit=workout entry="" Date=2026-01-08T00:00:00.000Z Completed=true
debug 2026/01/18 14:40:02 INFO  Habit=workout entry="" Date=2026-01-09T00:00:00.000Z Completed=true
debug 2026/01/18 14:40:02 INFO  Habit=workout entry="" Date=2026-01-10T00:00:00.000Z Completed=false
debug 2026/01/18 14:40:02 INFO  Habit=workout entry="" Date=2026-01-11T00:00:00.000Z Completed=true
debug 2026/01/18 14:40:02 INFO  Habit=workout entry="" Date=2026-01-12T00:00:00.000Z Completed=true
debug 2026/01/18 14:40:02 INFO  Habit=workout entry="" Date=2026-01-13T00:00:00.000Z Completed=true
debug 2026/01/18 14:40:02 INFO  Habit=workout entry="" Date=2026-01-14T00:00:00.000Z Completed=true
debug 2026/01/18 14:40:02 INFO  Habit=workout entry="" Date=2026-01-15T00:00:00.000Z Completed=false
debug 2026/01/18 14:40:23 INFO  Habit=reading entry="" Date=2026-01-13T00:00:00.000Z Completed=true
debug 2026/01/18 14:40:23 INFO  Habit=reading entry="" Date=2026-01-14T00:00:00.000Z Completed=true
debug 2026/01/18 14:40:23 INFO  Habit=reading entry="" Date=2026-01-15T00:00:00.000Z Completed=true
debug 2026/01/18 14:40:23 INFO  Habit=workout entry="" Date=2026-01-02T00:00:00.000Z Completed=true
debug 2026/01/18 14:40:23 INFO  Habit=workout entry="" Date=2026-01-03T00:00:00.000Z Completed=true
debug 2026/01/18 14:40:23 INFO  Habit=workout entry="" Date=2026-01-04T00:00:00.000Z Completed=true
debug 2026/01/18 14:40:23 INFO  Habit=workout entry="" Date=2026-01-05T00:00:00.000Z Completed=true
debug 2026/01/18 14:40:23 INFO  Habit=workout entry="" Date=2026-01-06T00:00:00.000Z Completed=true
debug 2026/01/18 14:40:23 INFO  Habit=workout entry="" Date=2026-01-07T00:00:00.000Z Completed=true
debug 2026/01/18 14:40:23 INFO  Habit=workout entry="" Date=2026-01-08T00:00:00.000Z Completed=true
debug 2026/01/18 14:40:23 INFO  Habit=workout entry="" Date=2026-01-09T00:00:00.000Z Completed=true
debug 2026/01/18 14:40:23 INFO  Habit=workout entry="" Date=2026-01-10T00:00:00.000Z Completed=false
debug 2026/01/18 14:40:23 INFO  Habit=workout entry="" Date=2026-01-11T00:00:00.000Z Completed=true
debug 2026/01/18 14:40:23 INFO  Habit=workout entry="" Date=2026-01-12T00:00:00.000Z Completed=true
debug 2026/01/18 14:40:23 INFO  Habit=workout entry="" Date=2026-01-13T00:00:00.000Z Completed=true
debug 2026/01/18 14:40:23 INFO  Habit=workout entry="" Date=2026-01-14T00:00:00.000Z Completed=true
debug 2026/01/18 14:40:23 INFO  Habit=workout entry="" Date=2026-01-15T00:00:00.000Z Completed=false
debug 2026/01/18 14:40:23 INFO  Habit=reading entry="" Date=2026-01-13T00:00:00.000Z Completed=true
debug 2026/01/18 14:40:23 INFO  Habit=reading entry="" Date=2026-01-14T00:00:00.000Z Completed=true
debug 2026/01/18 14:40:23 INFO  Habit=reading entry="" Date=2026-01-15T00:00:00.000Z Completed=true
debug 2026/01/18 14:40:23 INFO  Habit=workout entry="" Date=2026-01-02T00:00:00.000Z Completed=true
debug 2026/01/18 14:40:23 INFO  Habit=workout entry="" Date=2026-01-03T00:00:00.000Z Completed=true
debug 2026/01/18 14:40:23 INFO  Habit=workout entry="" Date=2026-01-04T00:00:00.000Z Completed=true
debug 2026/01/18 14:40:23 INFO  Habit=workout entry="" Date=2026-01-05T00:00:00.000Z Completed=true
debug 2026/01/18 14:40:23 INFO  Habit=workout entry="" Date=2026-01-06T00:00:00.000Z Completed=true
debug 2026/01/18 14:40:23 INFO  Habit=workout entry="" Date=2026-01-07T00:00:00.000Z Completed=true
debug 2026/01/18 14:40:23 INFO  Habit=workout entry="" Date=2026-01-08T00:00:00.000Z Completed=true
debug 2026/01/18 14:40:23 INFO  Habit=workout entry="" Date=2026-01-09T00:00:00.000Z Completed=true
debug 2026/01/18 14:40:23 INFO  Habit=workout entry="" Date=2026-01-10T00:00:00.000Z Completed=false
debug 2026/01/18 14:40:23 INFO  Habit=workout entry="" Date=2026-01-11T00:00:00.000Z Completed=true
debug 2026/01/18 14:40:23 INFO  Habit=workout entry="" Date=2026-01-12T00:00:00.000Z Completed=true
debug 2026/01/18 14:40:23 INFO  Habit=workout entry="" Date=2026-01-13T00:00:00.000Z Completed=true
debug 2026/01/18 14:40:23 INFO  Habit=workout entry="" Date=2026-01-14T00:00:00.000Z Completed=true
debug 2026/01/18 14:40:23 INFO  Habit=workout entry="" Date=2026-01-15T00:00:00.000Z Completed=false
debug 2026/01/18 14:40:24 INFO  Habit=reading entry="" Date=2026-01-13T00:00:00.000Z Completed=true
debug 2026/01/18 14:40:24 INFO  Habit=reading entry="" Date=2026-01-14T00:00:00.000Z Completed=true
debug 2026/01/18 14:40:24 INFO  Habit=reading entry="" Date=2026-01-15T00:00:00.000Z Completed=true
debug 2026/01/18 14:40:24 INFO  Habit=workout entry="" Date=2026-01-02T00:00:00.000Z Completed=true
debug 2026/01/18 14:40:24 INFO  Habit=workout entry="" Date=2026-01-03T00:00:00.000Z Completed=true
debug 2026/01/18 14:40:24 INFO  Habit=workout entry="" Date=2026-01-04T00:00:00.000Z Completed=true
debug 2026/01/18 14:40:24 INFO  Habit=workout entry="" Date=2026-01-05T00:00:00.000Z Completed=true
debug 2026/01/18 14:40:24 INFO  Habit=workout entry="" Date=2026-01-06T00:00:00.000Z Completed=true
debug 2026/01/18 14:40:24 INFO  Habit=workout entry="" Date=2026-01-07T00:00:00.000Z Completed=true
debug 2026/01/18 14:40:24 INFO  Habit=workout entry="" Date=2026-01-08T00:00:00.000Z Completed=true
debug 2026/01/18 14:40:24 INFO  Habit=workout entry="" Date=2026-01-09T00:00:00.000Z Completed=true
debug 2026/01/18 14:40:24 INFO  Habit=workout entry="" Date=2026-01-10T00:00:00.000Z Completed=false
debug 2026/01/18 14:40:24 INFO  Habit=workout entry="" Date=2026-01-11T00:00:00.000Z Completed=true
debug 2026/01/18 14:40:24 INFO  Habit=workout entry="" Date=2026-01-12T00:00:00.000Z Completed=true
debug 2026/01/18 14:40:24 INFO  Habit=workout entry="" Date=2026-01-13T00:00:00.000Z Completed=true
debug 2026/01/18 14:40:24 INFO  Habit=workout entry="" Date=2026-01-14T00:00:00.000Z Completed=true
debug 2026/01/18 14:40:24 INFO  Habit=workout entry="" Date=2026-01-15T00:00:00.000Z Completed=false
debug 2026/01/18 14:40:25 INFO  Habit=reading entry="" Date=2026-01-13T00:00:00.000Z Completed=true
debug 2026/01/18 14:40:25 INFO  Habit=reading entry="" Date=2026-01-14T00:00:00.000Z Completed=true
debug 2026/01/18 14:40:25 INFO  Habit=reading entry="" Date=2026-01-15T00:00:00.000Z Completed=true
debug 2026/01/18 14:40:25 INFO  Habit=workout entry="" Date=2026-01-02T00:00:00.000Z Completed=true
debug 2026/01/18 14:40:25 INFO  Habit=workout entry="" Date=2026-01-03T00:00:00.000Z Completed=true
debug 2026/01/18 14:40:25 INFO  Habit=workout entry="" Date=2026-01-04T00:00:00.000Z Completed=true
debug 2026/01/18 14:40:25 INFO  Habit=workout entry="" Date=2026-01-05T00:00:00.000Z Completed=true
debug 2026/01/18 14:40:25 INFO  Habit=workout entry="" Date=2026-01-06T00:00:00.000Z Completed=true
debug 2026/01/18 14:40:25 INFO  Habit=workout entry="" Date=2026-01-07T00:00:00.000Z Completed=true
debug 2026/01/18 14:40:25 INFO  Habit=workout entry="" Date=2026-01-08T00:00:00.000Z Completed=true
debug 2026/01/18 14:40:25 INFO  Habit=workout entry="" Date=2026-01-09T00:00:00.000Z Completed=true
debug 2026/01/18 14:40:25 INFO  Habit=workout entry="" Date=2026-01-10T00:00:00.000Z Completed=false
debug 2026/01/18 14:40:25 INFO  Habit=workout entry="" Date=2026-01-11T00:00:00.000Z Completed=true
debug 2026/01/18 14:40:25 INFO  Habit=workout entry="" Date=2026-01-12T00:00:00.000Z Completed=true
debug 2026/01/18 14:40:25 INFO  Habit=workout entry="" Date=2026-01-13T00:00:00.000Z Completed=true
debug 2026/01/18 14:40:25 INFO  Habit=workout entry="" Date=2026-01-14T00:00:00.000Z Completed=true
debug 2026/01/18 14:40:25 INFO  Habit=workout entry="" Date=2026-01-15T00:00:00.000Z Completed=false
debug 2026/01/18 14:40:48 INFO Attempt to get entries with start=2025-01-18T14:40:48.343Z end=2026-01-18T14:40:48.343Z
debug 2026/01/18 14:40:48 INFO Got entries from database count=6
debug 2026/01/18 14:40:48 INFO Attempt to get entries with start=2025-01-18T14:40:48.343Z end=2026-01-18T14:40:48.343Z
debug 2026/01/18 14:40:48 INFO Got entries from database count=0
debug 2026/01/18 14:40:48 INFO Attempt to get entries with start=2025-01-18T14:40:48.343Z end=2026-01-18T14:40:48.343Z
debug 2026/01/18 14:40:48 INFO Got entries from database count=17
debug 2026/01/18 14:40:48 INFO  Habit=reading entry="" Date=2026-01-13T00:00:00.000Z Completed=true
debug 2026/01/18 14:40:48 INFO  Habit=reading entry="" Date=2026-01-14T00:00:00.000Z Completed=true
debug 2026/01/18 14:40:48 INFO  Habit=reading entry="" Date=2026-01-15T00:00:00.000Z Completed=true
debug 2026/01/18 14:40:48 INFO  Habit=reading entry="" Date=2026-01-16T00:00:00.000Z Completed=true
debug 2026/01/18 14:40:48 INFO  Habit=reading entry="" Date=2026-01-17T00:00:00.000Z Completed=true
debug 2026/01/18 14:40:48 INFO  Habit=reading entry="" Date=2026-01-18T00:00:00.000Z Completed=true
debug 2026/01/18 14:40:48 INFO  Habit=workout entry="" Date=2026-01-11T00:00:00.000Z Completed=true
debug 2026/01/18 14:40:48 INFO  Habit=workout entry="" Date=2026-01-12T00:00:00.000Z Completed=true
debug 2026/01/18 14:40:48 INFO  Habit=workout entry="" Date=2026-01-13T00:00:00.000Z Completed=true
debug 2026/01/18 14:40:48 INFO  Habit=workout entry="" Date=2026-01-14T00:00:00.000Z Completed=true
debug 2026/01/18 14:40:48 INFO  Habit=workout entry="" Date=2026-01-15T00:00:00.000Z Completed=false
debug 2026/01/18 14:40:48 INFO  Habit=workout entry="" Date=2026-01-16T00:00:00.000Z Completed=false
debug 2026/01/18 14:40:48 INFO  Habit=workout entry="" Date=2026-01-17T00:00:00.000Z Completed=true
debug 2026/01/18 14:40:50 INFO  Habit=reading entry="" Date=2026-01-13T00:00:00.000Z Completed=true
debug 2026/01/18 14:40:50 INFO  Habit=reading entry="" Date=2026-01-14T00:00:00.000Z Completed=true
debug 2026/01/18 14:40:50 INFO  Habit=reading entry="" Date=2026-01-15T00:00:00.000Z Completed=true
debug 2026/01/18 14:40:50 INFO  Habit=reading entry="" Date=2026-01-16T00:00:00.000Z Completed=true
debug 2026/01/18 14:40:50 INFO  Habit=reading entry="" Date=2026-01-17T00:00:00.000Z Completed=true
debug 2026/01/18 14:40:50 INFO  Habit=reading entry="" Date=2026-01-18T00:00:00.000Z Completed=true
debug 2026/01/18 14:40:50 INFO  Habit=workout entry="" Date=2026-01-11T00:00:00.000Z Completed=true
debug 2026/01/18 14:40:50 INFO  Habit=workout entry="" Date=2026-01-12T00:00:00.000Z Completed=true
debug 2026/01/18 14:40:50 INFO  Habit=workout entry="" Date=2026-01-13T00:00:00.000Z Completed=true
debug 2026/01/18 14:40:50 INFO  Habit=workout entry="" Date=2026-01-14T00:00:00.000Z Completed=true
debug 2026/01/18 14:40:50 INFO  Habit=workout entry="" Date=2026-01-15T00:00:00.000Z Completed=false
debug 2026/01/18 14:40:50 INFO  Habit=workout entry="" Date=2026-01-16T00:00:00.000Z Completed=false
debug 2026/01/18 14:40:50 INFO  Habit=workout entry="" Date=2026-01-17T00:00:00.000Z Completed=true
debug 2026/01/18 14:40:51 INFO  Habit=reading entry="" Date=2026-01-13T00:00:00.000Z Completed=true
debug 2026/01/18 14:40:51 INFO  Habit=reading entry="" Date=2026-01-14T00:00:00.000Z Completed=true
debug 2026/01/18 14:40:51 INFO  Habit=reading entry="" Date=2026-01-15T00:00:00.000Z Completed=true
debug 2026/01/18 14:40:51 INFO  Habit=reading entry="" Date=2026-01-16T00:00:00.000Z Completed=true
debug 2026/01/18 14:40:51 INFO  Habit=reading entry="" Date=2026-01-17T00:00:00.000Z Completed=true
debug 2026/01/18 14:40:51 INFO  Habit=reading entry="" Date=2026-01-18T00:00:00.000Z Completed=true
debug 2026/01/18 14:40:51 INFO  Habit=workout entry="" Date=2026-01-11T00:00:00.000Z Completed=true
debug 2026/01/18 14:40:51 INFO  Habit=workout entry="" Date=2026-01-12T00:00:00.000Z Completed=true
debug 2026/01/18 14:40:51 INFO  Habit=workout entry="" Date=2026-01-13T00:00:00.000Z Completed=true
debug 2026/01/18 14:40:51 INFO  Habit=workout entry="" Date=2026-01-14T00:00:00.000Z Completed=true
debug 2026/01/18 14:40:51 INFO  Habit=workout entry="" Date=2026-01-15T00:00:00.000Z Completed=false
debug 2026/01/18 14:40:51 INFO  Habit=workout entry="" Date=2026-01-16T00:00:00.000Z Completed=false
debug 2026/01/18 14:40:51 INFO  Habit=workout entry="" Date=2026-01-17T00:00:00.000Z Completed=true
debug 2026/01/18 14:40:52 INFO  Habit=reading entry="" Date=2026-01-13T00:00:00.000Z Completed=true
debug 2026/01/18 14:40:52 INFO  Habit=reading entry="" Date=2026-01-14T00:00:00.000Z Completed=true
debug 2026/01/18 14:40:52 INFO  Habit=reading entry="" Date=2026-01-15T00:00:00.000Z Completed=true
debug 2026/01/18 14:40:52 INFO  Habit=reading entry="" Date=2026-01-16T00:00:00.000Z Completed=true
debug 2026/01/18 14:40:52 INFO  Habit=reading entry="" Date=2026-01-17T00:00:00.000Z Completed=true
debug 2026/01/18 14:40:52 INFO  Habit=reading entry="" Date=2026-01-18T00:00:00.000Z Completed=true
debug 2026/01/18 14:40:52 INFO  Habit=workout entry="" Date=2026-01-11T00:00:00.000Z Completed=true
debug 2026/01/18 14:40:52 INFO  Habit=workout entry="" Date=2026-01-12T00:00:00.000Z Completed=true
debug 2026/01/18 14:40:52 INFO  Habit=workout entry="" Date=2026-01-13T00:00:00.000Z Completed=true
debug 2026/01/18 14:40:52 INFO  Habit=workout entry="" Date=2026-01-14T00:00:00.000Z Completed=true
debug 2026/01/18 14:40:52 INFO  Habit=workout entry="" Date=2026-01-15T00:00:00.000Z Completed=false
debug 2026/01/18 14:40:52 INFO  Habit=workout entry="" Date=2026-01-16T00:00:00.000Z Completed=false
debug 2026/01/18 14:40:52 INFO  Habit=workout entry="" Date=2026-01-17T00:00:00.000Z Completed=true
debug 2026/01/18 14:40:52 INFO  Habit=reading entry="" Date=2026-01-13T00:00:00.000Z Completed=true
debug 2026/01/18 14:40:52 INFO  Habit=reading entry="" Date=2026-01-14T00:00:00.000Z Completed=true
debug 2026/01/18 14:40:52 INFO  Habit=reading entry="" Date=2026-01-15T00:00:00.000Z Completed=true
debug 2026/01/18 14:40:52 INFO  Habit=reading entry="" Date=2026-01-16T00:00:00.000Z Completed=true
debug 2026/01/18 14:40:52 INFO  Habit=reading entry="" Date=2026-01-17T00:00:00.000Z Completed=true
debug 2026/01/18 14:40:52 INFO  Habit=reading entry="" Date=2026-01-18T00:00:00.000Z Completed=true
debug 2026/01/18 14:40:52 INFO  Habit=workout entry="" Date=2026-01-11T00:00:00.000Z Completed=true
debug 2026/01/18 14:40:52 INFO  Habit=workout entry="" Date=2026-01-12T00:00:00.000Z Completed=true
debug 2026/01/18 14:40:52 INFO  Habit=workout entry="" Date=2026-01-13T00:00:00.000Z Completed=true
debug 2026/01/18 14:40:52 INFO  Habit=workout entry="" Date=2026-01-14T00:00:00.000Z Completed=true
debug 2026/01/18 14:40:52 INFO  Habit=workout entry="" Date=2026-01-15T00:00:00.000Z Completed=false
debug 2026/01/18 14:40:52 INFO  Habit=workout entry="" Date=2026-01-16T00:00:00.000Z Completed=false
debug 2026/01/18 14:40:52 INFO  Habit=workout entry="" Date=2026-01-17T00:00:00.000Z Completed=true
debug 2026/01/18 14:40:52 INFO  Habit=reading entry="" Date=2026-01-13T00:00:00.000Z Completed=true
debug 2026/01/18 14:40:52 INFO  Habit=reading entry="" Date=2026-01-14T00:00:00.000Z Completed=true
debug 2026/01/18 14:40:52 INFO  Habit=reading entry="" Date=2026-01-15T00:00:00.000Z Completed=true
debug 2026/01/18 14:40:52 INFO  Habit=reading entry="" Date=2026-01-16T00:00:00.000Z Completed=true
debug 2026/01/18 14:40:52 INFO  Habit=reading entry="" Date=2026-01-17T00:00:00.000Z Completed=true
debug 2026/01/18 14:40:52 INFO  Habit=reading entry="" Date=2026-01-18T00:00:00.000Z Completed=true
debug 2026/01/18 14:40:52 INFO  Habit=workout entry="" Date=2026-01-11T00:00:00.000Z Completed=true
debug 2026/01/18 14:40:52 INFO  Habit=workout entry="" Date=2026-01-12T00:00:00.000Z Completed=true
debug 2026/01/18 14:40:52 INFO  Habit=workout entry="" Date=2026-01-13T00:00:00.000Z Completed=true
debug 2026/01/18 14:40:52 INFO  Habit=workout entry="" Date=2026-01-14T00:00:00.000Z Completed=true
debug 2026/01/18 14:40:52 INFO  Habit=workout entry="" Date=2026-01-15T00:00:00.000Z Completed=false
debug 2026/01/18 14:40:52 INFO  Habit=workout entry="" Date=2026-01-16T00:00:00.000Z Completed=false
debug 2026/01/18 14:40:52 INFO  Habit=workout entry="" Date=2026-01-17T00:00:00.000Z Completed=true
debug 2026/01/18 14:40:53 INFO  Habit=reading entry="" Date=2026-01-13T00:00:00.000Z Completed=true
debug 2026/01/18 14:40:53 INFO  Habit=reading entry="" Date=2026-01-14T00:00:00.000Z Completed=true
debug 2026/01/18 14:40:53 INFO  Habit=reading entry="" Date=2026-01-15T00:00:00.000Z Completed=true
debug 2026/01/18 14:40:53 INFO  Habit=reading entry="" Date=2026-01-16T00:00:00.000Z Completed=true
debug 2026/01/18 14:40:53 INFO  Habit=reading entry="" Date=2026-01-17T00:00:00.000Z Completed=true
debug 2026/01/18 14:40:53 INFO  Habit=reading entry="" Date=2026-01-18T00:00:00.000Z Completed=true
debug 2026/01/18 14:40:53 INFO  Habit=workout entry="" Date=2026-01-11T00:00:00.000Z Completed=true
debug 2026/01/18 14:40:53 INFO  Habit=workout entry="" Date=2026-01-12T00:00:00.000Z Completed=true
debug 2026/01/18 14:40:53 INFO  Habit=workout entry="" Date=2026-01-13T00:00:00.000Z Completed=true
debug 2026/01/18 14:40:53 INFO  Habit=workout entry="" Date=2026-01-14T00:00:00.000Z Completed=true
debug 2026/01/18 14:40:53 INFO  Habit=workout entry="" Date=2026-01-15T00:00:00.000Z Completed=false
debug 2026/01/18 14:40:53 INFO  Habit=workout entry="" Date=2026-01-16T00:00:00.000Z Completed=false
debug 2026/01/18 14:40:53 INFO  Habit=workout entry="" Date=2026-01-17T00:00:00.000Z Completed=true
debug 2026/01/18 14:40:53 INFO  Habit=reading entry="" Date=2026-01-13T00:00:00.000Z Completed=true
debug 2026/01/18 14:40:53 INFO  Habit=reading entry="" Date=2026-01-14T00:00:00.000Z Completed=true
debug 2026/01/18 14:40:53 INFO  Habit=reading entry="" Date=2026-01-15T00:00:00.000Z Completed=true
debug 2026/01/18 14:40:53 INFO  Habit=reading entry="" Date=2026-01-16T00:00:00.000Z Completed=true
debug 2026/01/18 14:40:53 INFO  Habit=reading entry="" Date=2026-01-17T00:00:00.000Z Completed=true
debug 2026/01/18 14:40:53 INFO  Habit=reading entry="" Date=2026-01-18T00:00:00.000Z Completed=true
debug 2026/01/18 14:40:53 INFO  Habit=workout entry="" Date=2026-01-11T00:00:00.000Z Completed=true
debug 2026/01/18 14:40:53 INFO  Habit=workout entry="" Date=2026-01-12T00:00:00.000Z Completed=true
debug 2026/01/18 14:40:53 INFO  Habit=workout entry="" Date=2026-01-13T00:00:00.000Z Completed=true
debug 2026/01/18 14:40:53 INFO  Habit=workout entry="" Date=2026-01-14T00:00:00.000Z Completed=true
debug 2026/01/18 14:40:53 INFO  Habit=workout entry="" Date=2026-01-15T00:00:00.000Z Completed=false
debug 2026/01/18 14:40:53 INFO  Habit=workout entry="" Date=2026-01-16T00:00:00.000Z Completed=false
debug 2026/01/18 14:40:53 INFO  Habit=workout entry="" Date=2026-01-17T00:00:00.000Z Completed=true
debug 2026/01/18 14:40:53 INFO  Habit=reading entry="" Date=2026-01-13T00:00:00.000Z Completed=true
debug 2026/01/18 14:40:53 INFO  Habit=reading entry="" Date=2026-01-14T00:00:00.000Z Completed=true
debug 2026/01/18 14:40:53 INFO  Habit=reading entry="" Date=2026-01-15T00:00:00.000Z Completed=true
debug 2026/01/18 14:40:53 INFO  Habit=reading entry="" Date=2026-01-16T00:00:00.000Z Completed=true
debug 2026/01/18 14:40:53 INFO  Habit=reading entry="" Date=2026-01-17T00:00:00.000Z Completed=true
debug 2026/01/18 14:40:53 INFO  Habit=reading entry="" Date=2026-01-18T00:00:00.000Z Completed=true
debug 2026/01/18 14:40:53 INFO  Habit=workout entry="" Date=2026-01-11T00:00:00.000Z Completed=true
debug 2026/01/18 14:40:53 INFO  Habit=workout entry="" Date=2026-01-12T00:00:00.000Z Completed=true
debug 2026/01/18 14:40:53 INFO  Habit=workout entry="" Date=2026-01-13T00:00:00.000Z Completed=true
debug 2026/01/18 14:40:53 INFO  Habit=workout entry="" Date=2026-01-14T00:00:00.000Z Completed=true
debug 2026/01/18 14:40:53 INFO  Habit=workout entry="" Date=2026-01-15T00:00:00.000Z Completed=false
debug 2026/01/18 14:40:53 INFO  Habit=workout entry="" Date=2026-01-16T00:00:00.000Z Completed=false
debug 2026/01/18 14:40:53 INFO  Habit=workout entry="" Date=2026-01-17T00:00:00.000Z Completed=true
debug 2026/01/18 14:40:54 INFO  Habit=reading entry="" Date=2026-01-13T00:00:00.000Z Completed=true
debug 2026/01/18 14:40:54 INFO  Habit=reading entry="" Date=2026-01-14T00:00:00.000Z Completed=true
debug 2026/01/18 14:40:54 INFO  Habit=reading entry="" Date=2026-01-15T00:00:00.000Z Completed=true
debug 2026/01/18 14:40:54 INFO  Habit=reading entry="" Date=2026-01-16T00:00:00.000Z Completed=true
debug 2026/01/18 14:40:54 INFO  Habit=reading entry="" Date=2026-01-17T00:00:00.000Z Completed=true
debug 2026/01/18 14:40:54 INFO  Habit=workout entry="" Date=2026-01-04T00:00:00.000Z Completed=true
debug 2026/01/18 14:40:54 INFO  Habit=workout entry="" Date=2026-01-05T00:00:00.000Z Completed=true
debug 2026/01/18 14:40:54 INFO  Habit=workout entry="" Date=2026-01-06T00:00:00.000Z Completed=true
debug 2026/01/18 14:40:54 INFO  Habit=workout entry="" Date=2026-01-07T00:00:00.000Z Completed=true
debug 2026/01/18 14:40:54 INFO  Habit=workout entry="" Date=2026-01-08T00:00:00.000Z Completed=true
debug 2026/01/18 14:40:54 INFO  Habit=workout entry="" Date=2026-01-09T00:00:00.000Z Completed=true
debug 2026/01/18 14:40:54 INFO  Habit=workout entry="" Date=2026-01-10T00:00:00.000Z Completed=false
debug 2026/01/18 14:40:54 INFO  Habit=workout entry="" Date=2026-01-11T00:00:00.000Z Completed=true
debug 2026/01/18 14:40:54 INFO  Habit=workout entry="" Date=2026-01-12T00:00:00.000Z Completed=true
debug 2026/01/18 14:40:54 INFO  Habit=workout entry="" Date=2026-01-13T00:00:00.000Z Completed=true
debug 2026/01/18 14:40:54 INFO  Habit=workout entry="" Date=2026-01-14T00:00:00.000Z Completed=true
debug 2026/01/18 14:40:54 INFO  Habit=workout entry="" Date=2026-01-15T00:00:00.000Z Completed=false
debug 2026/01/18 14:40:54 INFO  Habit=workout entry="" Date=2026-01-16T00:00:00.000Z Completed=false
debug 2026/01/18 14:40:54 INFO  Habit=workout entry="" Date=2026-01-17T00:00:00.000Z Completed=true
debug 2026/01/18 14:40:54 INFO  Habit=reading entry="" Date=2026-01-13T00:00:00.000Z Completed=true
debug 2026/01/18 14:40:54 INFO  Habit=reading entry="" Date=2026-01-14T00:00:00.000Z Completed=true
debug 2026/01/18 14:40:54 INFO  Habit=reading entry="" Date=2026-01-15T00:00:00.000Z Completed=true
debug 2026/01/18 14:40:54 INFO  Habit=reading entry="" Date=2026-01-16T00:00:00.000Z Completed=true
debug 2026/01/18 14:40:54 INFO  Habit=reading entry="" Date=2026-01-17T00:00:00.000Z Completed=true
debug 2026/01/18 14:40:54 INFO  Habit=workout entry="" Date=2026-01-04T00:00:00.000Z Completed=true
debug 2026/01/18 14:40:54 INFO  Habit=workout entry="" Date=2026-01-05T00:00:00.000Z Completed=true
debug 2026/01/18 14:40:54 INFO  Habit=workout entry="" Date=2026-01-06T00:00:00.000Z Completed=true
debug 2026/01/18 14:40:54 INFO  Habit=workout entry="" Date=2026-01-07T00:00:00.000Z Completed=true
debug 2026/01/18 14:40:54 INFO  Habit=workout entry="" Date=2026-01-08T00:00:00.000Z Completed=true
debug 2026/01/18 14:40:54 INFO  Habit=workout entry="" Date=2026-01-09T00:00:00.000Z Completed=true
debug 2026/01/18 14:40:54 INFO  Habit=workout entry="" Date=2026-01-10T00:00:00.000Z Completed=false
debug 2026/01/18 14:40:54 INFO  Habit=workout entry="" Date=2026-01-11T00:00:00.000Z Completed=true
debug 2026/01/18 14:40:54 INFO  Habit=workout entry="" Date=2026-01-12T00:00:00.000Z Completed=true
debug 2026/01/18 14:40:54 INFO  Habit=workout entry="" Date=2026-01-13T00:00:00.000Z Completed=true
debug 2026/01/18 14:40:54 INFO  Habit=workout entry="" Date=2026-01-14T00:00:00.000Z Completed=true
debug 2026/01/18 14:40:54 INFO  Habit=workout entry="" Date=2026-01-15T00:00:00.000Z Completed=false
debug 2026/01/18 14:40:54 INFO  Habit=workout entry="" Date=2026-01-16T00:00:00.000Z Completed=false
debug 2026/01/18 14:40:54 INFO  Habit=workout entry="" Date=2026-01-17T00:00:00.000Z Completed=true
debug 2026/01/18 14:40:54 INFO  Habit=reading entry="" Date=2026-01-13T00:00:00.000Z Completed=true
debug 2026/01/18 14:40:54 INFO  Habit=reading entry="" Date=2026-01-14T00:00:00.000Z Completed=true
debug 2026/01/18 14:40:54 INFO  Habit=reading entry="" Date=2026-01-15T00:00:00.000Z Completed=true
debug 2026/01/18 14:40:54 INFO  Habit=reading entry="" Date=2026-01-16T00:00:00.000Z Completed=true
debug 2026/01/18 14:40:54 INFO  Habit=reading entry="" Date=2026-01-17T00:00:00.000Z Completed=true
debug 2026/01/18 14:40:54 INFO  Habit=workout entry="" Date=2026-01-04T00:00:00.000Z Completed=true
debug 2026/01/18 14:40:54 INFO  Habit=workout entry="" Date=2026-01-05T00:00:00.000Z Completed=true
debug 2026/01/18 14:40:54 INFO  Habit=workout entry="" Date=2026-01-06T00:00:00.000Z Completed=true
debug 2026/01/18 14:40:54 INFO  Habit=workout entry="" Date=2026-01-07T00:00:00.000Z Completed=true
debug 2026/01/18 14:40:54 INFO  Habit=workout entry="" Date=2026-01-08T00:00:00.000Z Completed=true
debug 2026/01/18 14:40:54 INFO  Habit=workout entry="" Date=2026-01-09T00:00:00.000Z Completed=true
debug 2026/01/18 14:40:54 INFO  Habit=workout entry="" Date=2026-01-10T00:00:00.000Z Completed=false
debug 2026/01/18 14:40:54 INFO  Habit=workout entry="" Date=2026-01-11T00:00:00.000Z Completed=true
debug 2026/01/18 14:40:54 INFO  Habit=workout entry="" Date=2026-01-12T00:00:00.000Z Completed=true
debug 2026/01/18 14:40:54 INFO  Habit=workout entry="" Date=2026-01-13T00:00:00.000Z Completed=true
debug 2026/01/18 14:40:54 INFO  Habit=workout entry="" Date=2026-01-14T00:00:00.000Z Completed=true
debug 2026/01/18 14:40:54 INFO  Habit=workout entry="" Date=2026-01-15T00:00:00.000Z Completed=false
debug 2026/01/18 14:40:54 INFO  Habit=workout entry="" Date=2026-01-16T00:00:00.000Z Completed=false
debug 2026/01/18 14:40:54 INFO  Habit=workout entry="" Date=2026-01-17T00:00:00.000Z Completed=true
debug 2026/01/18 14:40:56 INFO  Habit=reading entry="" Date=2026-01-13T00:00:00.000Z Completed=true
debug 2026/01/18 14:40:56 INFO  Habit=reading entry="" Date=2026-01-14T00:00:00.000Z Completed=true
debug 2026/01/18 14:40:56 INFO  Habit=reading entry="" Date=2026-01-15T00:00:00.000Z Completed=true
debug 2026/01/18 14:40:56 INFO  Habit=reading entry="" Date=2026-01-16T00:00:00.000Z Completed=true
debug 2026/01/18 14:40:56 INFO  Habit=reading entry="" Date=2026-01-17T00:00:00.000Z Completed=true
debug 2026/01/18 14:40:56 INFO  Habit=workout entry="" Date=2026-01-04T00:00:00.000Z Completed=true
debug 2026/01/18 14:40:56 INFO  Habit=workout entry="" Date=2026-01-05T00:00:00.000Z Completed=true
debug 2026/01/18 14:40:56 INFO  Habit=workout entry="" Date=2026-01-06T00:00:00.000Z Completed=true
debug 2026/01/18 14:40:56 INFO  Habit=workout entry="" Date=2026-01-07T00:00:00.000Z Completed=true
debug 2026/01/18 14:40:56 INFO  Habit=workout entry="" Date=2026-01-08T00:00:00.000Z Completed=true
debug 2026/01/18 14:40:56 INFO  Habit=workout entry="" Date=2026-01-09T00:00:00.000Z Completed=true
debug 2026/01/18 14:40:56 INFO  Habit=workout entry="" Date=2026-01-10T00:00:00.000Z Completed=false
debug 2026/01/18 14:40:56 INFO  Habit=workout entry="" Date=2026-01-11T00:00:00.000Z Completed=true
debug 2026/01/18 14:40:56 INFO  Habit=workout entry="" Date=2026-01-12T00:00:00.000Z Completed=true
debug 2026/01/18 14:40:56 INFO  Habit=workout entry="" Date=2026-01-13T00:00:00.000Z Completed=true
debug 2026/01/18 14:40:56 INFO  Habit=workout entry="" Date=2026-01-14T00:00:00.000Z Completed=true
debug 2026/01/18 14:40:56 INFO  Habit=workout entry="" Date=2026-01-15T00:00:00.000Z Completed=false
debug 2026/01/18 14:40:56 INFO  Habit=workout entry="" Date=2026-01-16T00:00:00.000Z Completed=false
debug 2026/01/18 14:40:56 INFO  Habit=workout entry="" Date=2026-01-17T00:00:00.000Z Completed=true
debug 2026/01/18 14:41:32 INFO Attempt to get entries with start=2025-01-18T14:41:32.759Z end=2026-01-18T14:41:32.759Z
debug 2026/01/18 14:41:32 INFO Got entries from database count=6
debug 2026/01/18 14:41:32 INFO Attempt to get entries with start=2025-01-18T14:41:32.759Z end=2026-01-18T14:41:32.759Z
debug 2026/01/18 14:41:32 INFO Got entries from database count=0
debug 2026/01/18 14:41:32 INFO Attempt to get entries with start=2025-01-18T14:41:32.759Z end=2026-01-18T14:41:32.759Z
debug 2026/01/18 14:41:32 INFO Got entries from database count=17
debug 2026/01/18 14:41:32 INFO  Habit=reading entry="" Date=2026-01-13T00:00:00.000Z Completed=true
debug 2026/01/18 14:41:32 INFO  Habit=reading entry="" Date=2026-01-14T00:00:00.000Z Completed=true
debug 2026/01/18 14:41:32 INFO  Habit=reading entry="" Date=2026-01-15T00:00:00.000Z Completed=true
debug 2026/01/18 14:41:32 INFO  Habit=reading entry="" Date=2026-01-16T00:00:00.000Z Completed=true
debug 2026/01/18 14:41:32 INFO  Habit=reading entry="" Date=2026-01-17T00:00:00.000Z Completed=true
debug 2026/01/18 14:41:32 INFO  Habit=reading entry="" Date=2026-01-18T00:00:00.000Z Completed=true
debug 2026/01/18 14:41:32 INFO  Habit=workout entry="" Date=2026-01-11T00:00:00.000Z Completed=true
debug 2026/01/18 14:41:32 INFO  Habit=workout entry="" Date=2026-01-12T00:00:00.000Z Completed=true
debug 2026/01/18 14:41:32 INFO  Habit=workout entry="" Date=2026-01-13T00:00:00.000Z Completed=true
debug 2026/01/18 14:41:32 INFO  Habit=workout entry="" Date=2026-01-14T00:00:00.000Z Completed=true
debug 2026/01/18 14:41:32 INFO  Habit=workout entry="" Date=2026-01-15T00:00:00.000Z Completed=false
debug 2026/01/18 14:41:32 INFO  Habit=workout entry="" Date=2026-01-16T00:00:00.000Z Completed=false
debug 2026/01/18 14:41:32 INFO  Habit=workout entry="" Date=2026-01-17T00:00:00.000Z Completed=true
debug 2026/01/18 14:41:34 INFO  Habit=reading entry="" Date=2026-01-13T00:00:00.000Z Completed=true
debug 2026/01/18 14:41:34 INFO  Habit=reading entry="" Date=2026-01-14T00:00:00.000Z Completed=true
debug 2026/01/18 14:41:34 INFO  Habit=reading entry="" Date=2026-01-15T00:00:00.000Z Completed=true
debug 2026/01/18 14:41:34 INFO  Habit=reading entry="" Date=2026-01-16T00:00:00.000Z Completed=true
debug 2026/01/18 14:41:34 INFO  Habit=reading entry="" Date=2026-01-17T00:00:00.000Z Completed=true
debug 2026/01/18 14:41:34 INFO  Habit=reading entry="" Date=2026-01-18T00:00:00.000Z Completed=true
debug 2026/01/18 14:41:34 INFO  Habit=workout entry="" Date=2026-01-11T00:00:00.000Z Completed=true
debug 2026/01/18 14:41:34 INFO  Habit=workout entry="" Date=2026-01-12T00:00:00.000Z Completed=true
debug 2026/01/18 14:41:34 INFO  Habit=workout entry="" Date=2026-01-13T00:00:00.000Z Completed=true
debug 2026/01/18 14:41:34 INFO  Habit=workout entry="" Date=2026-01-14T00:00:00.000Z Completed=true
debug 2026/01/18 14:41:34 INFO  Habit=workout entry="" Date=2026-01-15T00:00:00.000Z Completed=false
debug 2026/01/18 14:41:34 INFO  Habit=workout entry="" Date=2026-01-16T00:00:00.000Z Completed=false
debug 2026/01/18 14:41:34 INFO  Habit=workout entry="" Date=2026-01-17T00:00:00.000Z Completed=true
debug 2026/01/18 14:41:35 INFO  Habit=reading entry="" Date=2026-01-13T00:00:00.000Z Completed=true
debug 2026/01/18 14:41:35 INFO  Habit=reading entry="" Date=2026-01-14T00:00:00.000Z Completed=true
debug 2026/01/18 14:41:35 INFO  Habit=reading entry="" Date=2026-01-15T00:00:00.000Z Completed=true
debug 2026/01/18 14:41:35 INFO  Habit=reading entry="" Date=2026-01-16T00:00:00.000Z Completed=true
debug 2026/01/18 14:41:35 INFO  Habit=reading entry="" Date=2026-01-17T00:00:00.000Z Completed=true
debug 2026/01/18 14:41:35 INFO  Habit=reading entry="" Date=2026-01-18T00:00:00.000Z Completed=true
debug 2026/01/18 14:41:35 INFO  Habit=workout entry="" Date=2026-01-11T00:00:00.000Z Completed=true
debug 2026/01/18 14:41:35 INFO  Habit=workout entry="" Date=2026-01-12T00:00:00.000Z Completed=true
debug 2026/01/18 14:41:35 INFO  Habit=workout entry="" Date=2026-01-13T00:00:00.000Z Completed=true
debug 2026/01/18 14:41:35 INFO  Habit=workout entry="" Date=2026-01-14T00:00:00.000Z Completed=true
debug 2026/01/18 14:41:35 INFO  Habit=workout entry="" Date=2026-01-15T00:00:00.000Z Completed=false
debug 2026/01/18 14:41:35 INFO  Habit=workout entry="" Date=2026-01-16T00:00:00.000Z Completed=false
debug 2026/01/18 14:41:35 INFO  Habit=workout entry="" Date=2026-01-17T00:00:00.000Z Completed=true
debug 2026/01/18 14:41:35 INFO  Habit=reading entry="" Date=2026-01-13T00:00:00.000Z Completed=true
debug 2026/01/18 14:41:35 INFO  Habit=reading entry="" Date=2026-01-14T00:00:00.000Z Completed=true
debug 2026/01/18 14:41:35 INFO  Habit=reading entry="" Date=2026-01-15T00:00:00.000Z Completed=true
debug 2026/01/18 14:41:35 INFO  Habit=reading entry="" Date=2026-01-16T00:00:00.000Z Completed=true
debug 2026/01/18 14:41:35 INFO  Habit=reading entry="" Date=2026-01-17T00:00:00.000Z Completed=true
debug 2026/01/18 14:41:35 INFO  Habit=reading entry="" Date=2026-01-18T00:00:00.000Z Completed=true
debug 2026/01/18 14:41:35 INFO  Habit=workout entry="" Date=2026-01-11T00:00:00.000Z Completed=true
debug 2026/01/18 14:41:35 INFO  Habit=workout entry="" Date=2026-01-12T00:00:00.000Z Completed=true
debug 2026/01/18 14:41:35 INFO  Habit=workout entry="" Date=2026-01-13T00:00:00.000Z Completed=true
debug 2026/01/18 14:41:35 INFO  Habit=workout entry="" Date=2026-01-14T00:00:00.000Z Completed=true
debug 2026/01/18 14:41:35 INFO  Habit=workout entry="" Date=2026-01-15T00:00:00.000Z Completed=false
debug 2026/01/18 14:41:35 INFO  Habit=workout entry="" Date=2026-01-16T00:00:00.000Z Completed=false
debug 2026/01/18 14:41:35 INFO  Habit=workout entry="" Date=2026-01-17T00:00:00.000Z Completed=true
debug 2026/01/18 14:41:36 INFO  Habit=reading entry="" Date=2026-01-13T00:00:00.000Z Completed=true
debug 2026/01/18 14:41:36 INFO  Habit=reading entry="" Date=2026-01-14T00:00:00.000Z Completed=true
debug 2026/01/18 14:41:36 INFO  Habit=reading entry="" Date=2026-01-15T00:00:00.000Z Completed=true
debug 2026/01/18 14:41:36 INFO  Habit=reading entry="" Date=2026-01-16T00:00:00.000Z Completed=true
debug 2026/01/18 14:41:36 INFO  Habit=reading entry="" Date=2026-01-17T00:00:00.000Z Completed=true
debug 2026/01/18 14:41:36 INFO  Habit=reading entry="" Date=2026-01-18T00:00:00.000Z Completed=true
debug 2026/01/18 14:41:36 INFO  Habit=workout entry="" Date=2026-01-11T00:00:00.000Z Completed=true
debug 2026/01/18 14:41:36 INFO  Habit=workout entry="" Date=2026-01-12T00:00:00.000Z Completed=true
debug 2026/01/18 14:41:36 INFO  Habit=workout entry="" Date=2026-01-13T00:00:00.000Z Completed=true
debug 2026/01/18 14:41:36 INFO  Habit=workout entry="" Date=2026-01-14T00:00:00.000Z Completed=true
debug 2026/01/18 14:41:36 INFO  Habit=workout entry="" Date=2026-01-15T00:00:00.000Z Completed=false
debug 2026/01/18 14:41:36 INFO  Habit=workout entry="" Date=2026-01-16T00:00:00.000Z Completed=false
debug 2026/01/18 14:41:36 INFO  Habit=workout entry="" Date=2026-01-17T00:00:00.000Z Completed=true
debug 2026/01/18 14:41:36 INFO  Habit=reading entry="" Date=2026-01-13T00:00:00.000Z Completed=true
debug 2026/01/18 14:41:36 INFO  Habit=reading entry="" Date=2026-01-14T00:00:00.000Z Completed=true
debug 2026/01/18 14:41:36 INFO  Habit=reading entry="" Date=2026-01-15T00:00:00.000Z Completed=true
debug 2026/01/18 14:41:36 INFO  Habit=reading entry="" Date=2026-01-16T00:00:00.000Z Completed=true
debug 2026/01/18 14:41:36 INFO  Habit=reading entry="" Date=2026-01-17T00:00:00.000Z Completed=true
debug 2026/01/18 14:41:36 INFO  Habit=reading entry="" Date=2026-01-18T00:00:00.000Z Completed=true
debug 2026/01/18 14:41:36 INFO  Habit=workout entry="" Date=2026-01-11T00:00:00.000Z Completed=true
debug 2026/01/18 14:41:36 INFO  Habit=workout entry="" Date=2026-01-12T00:00:00.000Z Completed=true
debug 2026/01/18 14:41:36 INFO  Habit=workout entry="" Date=2026-01-13T00:00:00.000Z Completed=true
debug 2026/01/18 14:41:36 INFO  Habit=workout entry="" Date=2026-01-14T00:00:00.000Z Completed=true
debug 2026/01/18 14:41:36 INFO  Habit=workout entry="" Date=2026-01-15T00:00:00.000Z Completed=false
debug 2026/01/18 14:41:36 INFO  Habit=workout entry="" Date=2026-01-16T00:00:00.000Z Completed=false
debug 2026/01/18 14:41:36 INFO  Habit=workout entry="" Date=2026-01-17T00:00:00.000Z Completed=true
debug 2026/01/18 14:41:36 INFO  Habit=reading entry="" Date=2026-01-13T00:00:00.000Z Completed=true
debug 2026/01/18 14:41:36 INFO  Habit=reading entry="" Date=2026-01-14T00:00:00.000Z Completed=true
debug 2026/01/18 14:41:36 INFO  Habit=reading entry="" Date=2026-01-15T00:00:00.000Z Completed=true
debug 2026/01/18 14:41:36 INFO  Habit=reading entry="" Date=2026-01-16T00:00:00.000Z Completed=true
debug 2026/01/18 14:41:36 INFO  Habit=reading entry="" Date=2026-01-17T00:00:00.000Z Completed=true
debug 2026/01/18 14:41:36 INFO  Habit=reading entry="" Date=2026-01-18T00:00:00.000Z Completed=true
debug 2026/01/18 14:41:36 INFO  Habit=workout entry="" Date=2026-01-11T00:00:00.000Z Completed=true
debug 2026/01/18 14:41:36 INFO  Habit=workout entry="" Date=2026-01-12T00:00:00.000Z Completed=true
debug 2026/01/18 14:41:36 INFO  Habit=workout entry="" Date=2026-01-13T00:00:00.000Z Completed=true
debug 2026/01/18 14:41:36 INFO  Habit=workout entry="" Date=2026-01-14T00:00:00.000Z Completed=true
debug 2026/01/18 14:41:36 INFO  Habit=workout entry="" Date=2026-01-15T00:00:00.000Z Completed=false
debug 2026/01/18 14:41:36 INFO  Habit=workout entry="" Date=2026-01-16T00:00:00.000Z Completed=false
debug 2026/01/18 14:41:36 INFO  Habit=workout entry="" Date=2026-01-17T00:00:00.000Z Completed=true
debug 2026/01/18 14:41:36 INFO  Habit=reading entry="" Date=2026-01-13T00:00:00.000Z Completed=true
debug 2026/01/18 14:41:36 INFO  Habit=reading entry="" Date=2026-01-14T00:00:00.000Z Completed=true
debug 2026/01/18 14:41:36 INFO  Habit=reading entry="" Date=2026-01-15T00:00:00.000Z Completed=true
debug 2026/01/18 14:41:36 INFO  Habit=reading entry="" Date=2026-01-16T00:00:00.000Z Completed=true
debug 2026/01/18 14:41:36 INFO  Habit=reading entry="" Date=2026-01-17T00:00:00.000Z Completed=true
debug 2026/01/18 14:41:36 INFO  Habit=reading entry="" Date=2026-01-18T00:00:00.000Z Completed=true
debug 2026/01/18 14:41:36 INFO  Habit=workout entry="" Date=2026-01-11T00:00:00.000Z Completed=true
debug 2026/01/18 14:41:36 INFO  Habit=workout entry="" Date=2026-01-12T00:00:00.000Z Completed=true
debug 2026/01/18 14:41:36 INFO  Habit=workout entry="" Date=2026-01-13T00:00:00.000Z Completed=true
debug 2026/01/18 14:41:36 INFO  Habit=workout entry="" Date=2026-01-14T00:00:00.000Z Completed=true
debug 2026/01/18 14:41:36 INFO  Habit=workout entry="" Date=2026-01-15T00:00:00.000Z Completed=false
debug 2026/01/18 14:41:36 INFO  Habit=workout entry="" Date=2026-01-16T00:00:00.000Z Completed=false
debug 2026/01/18 14:41:36 INFO  Habit=workout entry="" Date=2026-01-17T00:00:00.000Z Completed=true
debug 2026/01/18 14:41:36 INFO  Habit=reading entry="" Date=2026-01-13T00:00:00.000Z Completed=true
debug 2026/01/18 14:41:36 INFO  Habit=reading entry="" Date=2026-01-14T00:00:00.000Z Completed=true
debug 2026/01/18 14:41:36 INFO  Habit=reading entry="" Date=2026-01-15T00:00:00.000Z Completed=true
debug 2026/01/18 14:41:36 INFO  Habit=reading entry="" Date=2026-01-16T00:00:00.000Z Completed=true
debug 2026/01/18 14:41:36 INFO  Habit=reading entry="" Date=2026-01-17T00:00:00.000Z Completed=true
debug 2026/01/18 14:41:36 INFO  Habit=reading entry="" Date=2026-01-18T00:00:00.000Z Completed=true
debug 2026/01/18 14:41:36 INFO  Habit=workout entry="" Date=2026-01-11T00:00:00.000Z Completed=true
debug 2026/01/18 14:41:36 INFO  Habit=workout entry="" Date=2026-01-12T00:00:00.000Z Completed=true
debug 2026/01/18 14:41:36 INFO  Habit=workout entry="" Date=2026-01-13T00:00:00.000Z Completed=true
debug 2026/01/18 14:41:36 INFO  Habit=workout entry="" Date=2026-01-14T00:00:00.000Z Completed=true
debug 2026/01/18 14:41:36 INFO  Habit=workout entry="" Date=2026-01-15T00:00:00.000Z Completed=false
debug 2026/01/18 14:41:36 INFO  Habit=workout entry="" Date=2026-01-16T00:00:00.000Z Completed=false
debug 2026/01/18 14:41:36 INFO  Habit=workout entry="" Date=2026-01-17T00:00:00.000Z Completed=true
debug 2026/01/18 14:41:36 INFO  Habit=reading entry="" Date=2026-01-13T00:00:00.000Z Completed=true
debug 2026/01/18 14:41:36 INFO  Habit=reading entry="" Date=2026-01-14T00:00:00.000Z Completed=true
debug 2026/01/18 14:41:36 INFO  Habit=reading entry="" Date=2026-01-15T00:00:00.000Z Completed=true
debug 2026/01/18 14:41:36 INFO  Habit=reading entry="" Date=2026-01-16T00:00:00.000Z Completed=true
debug 2026/01/18 14:41:36 INFO  Habit=reading entry="" Date=2026-01-17T00:00:00.000Z Completed=true
debug 2026/01/18 14:41:36 INFO  Habit=workout entry="" Date=2026-01-04T00:00:00.000Z Completed=true
debug 2026/01/18 14:41:36 INFO  Habit=workout entry="" Date=2026-01-05T00:00:00.000Z Completed=true
debug 2026/01/18 14:41:36 INFO  Habit=workout entry="" Date=2026-01-06T00:00:00.000Z Completed=true
debug 2026/01/18 14:41:36 INFO  Habit=workout entry="" Date=2026-01-07T00:00:00.000Z Completed=true
debug 2026/01/18 14:41:36 INFO  Habit=workout entry="" Date=2026-01-08T00:00:00.000Z Completed=true
debug 2026/01/18 14:41:36 INFO  Habit=workout entry="" Date=2026-01-09T00:00:00.000Z Completed=true
debug 2026/01/18 14:41:36 INFO  Habit=workout entry="" Date=2026-01-10T00:00:00.000Z Completed=false
debug 2026/01/18 14:41:36 INFO  Habit=workout entry="" Date=2026-01-11T00:00:00.000Z Completed=true
debug 2026/01/18 14:41:36 INFO  Habit=workout entry="" Date=2026-01-12T00:00:00.000Z Completed=true
debug 2026/01/18 14:41:36 INFO  Habit=workout entry="" Date=2026-01-13T00:00:00.000Z Completed=true
debug 2026/01/18 14:41:36 INFO  Habit=workout entry="" Date=2026-01-14T00:00:00.000Z Completed=true
debug 2026/01/18 14:41:36 INFO  Habit=workout entry="" Date=2026-01-15T00:00:00.000Z Completed=false
debug 2026/01/18 14:41:36 INFO  Habit=workout entry="" Date=2026-01-16T00:00:00.000Z Completed=false
debug 2026/01/18 14:41:36 INFO  Habit=workout entry="" Date=2026-01-17T00:00:00.000Z Completed=true
debug 2026/01/18 14:41:37 INFO  Habit=reading entry="" Date=2026-01-13T00:00:00.000Z Completed=true
debug 2026/01/18 14:41:37 INFO  Habit=reading entry="" Date=2026-01-14T00:00:00.000Z Completed=true
debug 2026/01/18 14:41:37 INFO  Habit=reading entry="" Date=2026-01-15T00:00:00.000Z Completed=true
debug 2026/01/18 14:41:37 INFO  Habit=reading entry="" Date=2026-01-16T00:00:00.000Z Completed=true
debug 2026/01/18 14:41:37 INFO  Habit=reading entry="" Date=2026-01-17T00:00:00.000Z Completed=true
debug 2026/01/18 14:41:37 INFO  Habit=workout entry="" Date=2026-01-04T00:00:00.000Z Completed=true
debug 2026/01/18 14:41:37 INFO  Habit=workout entry="" Date=2026-01-05T00:00:00.000Z Completed=true
debug 2026/01/18 14:41:37 INFO  Habit=workout entry="" Date=2026-01-06T00:00:00.000Z Completed=true
debug 2026/01/18 14:41:37 INFO  Habit=workout entry="" Date=2026-01-07T00:00:00.000Z Completed=true
debug 2026/01/18 14:41:37 INFO  Habit=workout entry="" Date=2026-01-08T00:00:00.000Z Completed=true
debug 2026/01/18 14:41:37 INFO  Habit=workout entry="" Date=2026-01-09T00:00:00.000Z Completed=true
debug 2026/01/18 14:41:37 INFO  Habit=workout entry="" Date=2026-01-10T00:00:00.000Z Completed=false
debug 2026/01/18 14:41:37 INFO  Habit=workout entry="" Date=2026-01-11T00:00:00.000Z Completed=true
debug 2026/01/18 14:41:37 INFO  Habit=workout entry="" Date=2026-01-12T00:00:00.000Z Completed=true
debug 2026/01/18 14:41:37 INFO  Habit=workout entry="" Date=2026-01-13T00:00:00.000Z Completed=true
debug 2026/01/18 14:41:37 INFO  Habit=workout entry="" Date=2026-01-14T00:00:00.000Z Completed=true
debug 2026/01/18 14:41:37 INFO  Habit=workout entry="" Date=2026-01-15T00:00:00.000Z Completed=false
debug 2026/01/18 14:41:37 INFO  Habit=workout entry="" Date=2026-01-16T00:00:00.000Z Completed=false
debug 2026/01/18 14:41:37 INFO  Habit=workout entry="" Date=2026-01-17T00:00:00.000Z Completed=true
debug 2026/01/18 14:41:37 INFO  Habit=reading entry="" Date=2026-01-13T00:00:00.000Z Completed=true
debug 2026/01/18 14:41:37 INFO  Habit=reading entry="" Date=2026-01-14T00:00:00.000Z Completed=true
debug 2026/01/18 14:41:37 INFO  Habit=reading entry="" Date=2026-01-15T00:00:00.000Z Completed=true
debug 2026/01/18 14:41:37 INFO  Habit=reading entry="" Date=2026-01-16T00:00:00.000Z Completed=true
debug 2026/01/18 14:41:37 INFO  Habit=reading entry="" Date=2026-01-17T00:00:00.000Z Completed=true
debug 2026/01/18 14:41:37 INFO  Habit=workout entry="" Date=2026-01-04T00:00:00.000Z Completed=true
debug 2026/01/18 14:41:37 INFO  Habit=workout entry="" Date=2026-01-05T00:00:00.000Z Completed=true
debug 2026/01/18 14:41:37 INFO  Habit=workout entry="" Date=2026-01-06T00:00:00.000Z Completed=true
debug 2026/01/18 14:41:37 INFO  Habit=workout entry="" Date=2026-01-07T00:00:00.000Z Completed=true
debug 2026/01/18 14:41:37 INFO  Habit=workout entry="" Date=2026-01-08T00:00:00.000Z Completed=true
debug 2026/01/18 14:41:37 INFO  Habit=workout entry="" Date=2026-01-09T00:00:00.000Z Completed=true
debug 2026/01/18 14:41:37 INFO  Habit=workout entry="" Date=2026-01-10T00:00:00.000Z Completed=false
debug 2026/01/18 14:41:37 INFO  Habit=workout entry="" Date=2026-01-11T00:00:00.000Z Completed=true
debug 2026/01/18 14:41:37 INFO  Habit=workout entry="" Date=2026-01-12T00:00:00.000Z Completed=true
debug 2026/01/18 14:41:37 INFO  Habit=workout entry="" Date=2026-01-13T00:00:00.000Z Completed=true
debug 2026/01/18 14:41:37 INFO  Habit=workout entry="" Date=2026-01-14T00:00:00.000Z Completed=true
debug 2026/01/18 14:41:37 INFO  Habit=workout entry="" Date=2026-01-15T00:00:00.000Z Completed=false
debug 2026/01/18 14:41:37 INFO  Habit=workout entry="" Date=2026-01-16T00:00:00.000Z Completed=false
debug 2026/01/18 14:41:37 INFO  Habit=workout entry="" Date=2026-01-17T00:00:00.000Z Completed=true
debug 2026/01/18 14:41:37 INFO  Habit=reading entry="" Date=2026-01-13T00:00:00.000Z Completed=true
debug 2026/01/18 14:41:37 INFO  Habit=reading entry="" Date=2026-01-14T00:00:00.000Z Completed=true
debug 2026/01/18 14:41:37 INFO  Habit=reading entry="" Date=2026-01-15T00:00:00.000Z Completed=true
debug 2026/01/18 14:41:37 INFO  Habit=reading entry="" Date=2026-01-16T00:00:00.000Z Completed=true
debug 2026/01/18 14:41:37 INFO  Habit=reading entry="" Date=2026-01-17T00:00:00.000Z Completed=true
debug 2026/01/18 14:41:37 INFO  Habit=workout entry="" Date=2026-01-04T00:00:00.000Z Completed=true
debug 2026/01/18 14:41:37 INFO  Habit=workout entry="" Date=2026-01-05T00:00:00.000Z Completed=true
debug 2026/01/18 14:41:37 INFO  Habit=workout entry="" Date=2026-01-06T00:00:00.000Z Completed=true
debug 2026/01/18 14:41:37 INFO  Habit=workout entry="" Date=2026-01-07T00:00:00.000Z Completed=true
debug 2026/01/18 14:41:37 INFO  Habit=workout entry="" Date=2026-01-08T00:00:00.000Z Completed=true
debug 2026/01/18 14:41:37 INFO  Habit=workout entry="" Date=2026-01-09T00:00:00.000Z Completed=true
debug 2026/01/18 14:41:37 INFO  Habit=workout entry="" Date=2026-01-10T00:00:00.000Z Completed=false
debug 2026/01/18 14:41:37 INFO  Habit=workout entry="" Date=2026-01-11T00:00:00.000Z Completed=true
debug 2026/01/18 14:41:37 INFO  Habit=workout entry="" Date=2026-01-12T00:00:00.000Z Completed=true
debug 2026/01/18 14:41:37 INFO  Habit=workout entry="" Date=2026-01-13T00:00:00.000Z Completed=true
debug 2026/01/18 14:41:37 INFO  Habit=workout entry="" Date=2026-01-14T00:00:00.000Z Completed=true
debug 2026/01/18 14:41:37 INFO  Habit=workout entry="" Date=2026-01-15T00:00:00.000Z Completed=false
debug 2026/01/18 14:41:37 INFO  Habit=workout entry="" Date=2026-01-16T00:00:00.000Z Completed=false
debug 2026/01/18 14:41:37 INFO  Habit=workout entry="" Date=2026-01-17T00:00:00.000Z Completed=true
debug 2026/01/18 14:41:42 INFO  Habit=reading entry="" Date=2026-01-13T00:00:00.000Z Completed=true
debug 2026/01/18 14:41:42 INFO  Habit=reading entry="" Date=2026-01-14T00:00:00.000Z Completed=true
debug 2026/01/18 14:41:42 INFO  Habit=reading entry="" Date=2026-01-15T00:00:00.000Z Completed=true
debug 2026/01/18 14:41:42 INFO  Habit=reading entry="" Date=2026-01-16T00:00:00.000Z Completed=true
debug 2026/01/18 14:41:42 INFO  Habit=reading entry="" Date=2026-01-17T00:00:00.000Z Completed=true
debug 2026/01/18 14:41:42 INFO  Habit=reading entry="" Date=2026-01-18T00:00:00.000Z Completed=true
debug 2026/01/18 14:41:42 INFO  Habit=workout entry="" Date=2026-01-11T00:00:00.000Z Completed=true
debug 2026/01/18 14:41:42 INFO  Habit=workout entry="" Date=2026-01-12T00:00:00.000Z Completed=true
debug 2026/01/18 14:41:42 INFO  Habit=workout entry="" Date=2026-01-13T00:00:00.000Z Completed=true
debug 2026/01/18 14:41:42 INFO  Habit=workout entry="" Date=2026-01-14T00:00:00.000Z Completed=true
debug 2026/01/18 14:41:42 INFO  Habit=workout entry="" Date=2026-01-15T00:00:00.000Z Completed=false
debug 2026/01/18 14:41:42 INFO  Habit=workout entry="" Date=2026-01-16T00:00:00.000Z Completed=false
debug 2026/01/18 14:41:42 INFO  Habit=workout entry="" Date=2026-01-17T00:00:00.000Z Completed=true
